SC,名称,株価
1301,極洋,3335
1332,日本水産,614
1333,マルハニチロ,3265
1352,ホウスイ,125
1376,カネコ種苗,1506
1377,サカタのタネ,3225
1379,ホクト,1931
1380,秋川牧園,601
1381,アクシーズ,3340
1382,ホーブ,991
1383,ベルグアース,1395
1384,ホクリヨウ,919
1400,ルーデン・ホールディングス,223
1401,エムビーエス,603
1407,ウエストホールディングス,738
1408,サムシングホールディングス,475
1413,桧家ホールディングス,2109
1414,ショーボンドホールディングス,6270
1417,ミライト・ホールディングス,1301
1418,インターライフホールディングス,260
1419,タマホーム,715
1420,サンヨーホームズ,639
1429,日本アクア,461
1430,ファーストコーポレーション,1154
1431,エスケーホーム,1160
1433,ベステラ,1998
1434,JESCOホールディングス,451
1435,インベスターズクラウド,6500
1436,フィット,1258
1438,岐阜造園,1390
1439,安江工務店,1497
1491,中外鉱業,32
1514,住石ホールディングス,113
1515,日鉄鉱業,8040
1518,三井松島産業,1458
1605,国際石油開発帝石,1091.5
1606,日本海洋掘削,2058
1662,石油資源開発,2142
1663,K＆Oエナジーグループ,1810
1711,省電舎ホールディングス,706
1712,ダイセキ環境ソリューション,1300
1716,第一カッター興業,1183
1717,明豊ファシリティワークス,363
1718,美樹工業,4360
1719,安藤・間,749
1720,東急建設,879
1721,コムシスホールディングス,2533
1722,ミサワホーム,933
1723,日本電技,2850
1724,シンクレイヤ,473
1726,ビーアールホールディングス,403
1728,ミサワホーム中国,296
1730,麻生フオームクリート,363
1734,北弘電社,385
1736,オーテック,1456
1737,三井金属エンジニアリング,1275
1738,NITTOH,524
1739,シード平和,1685
1743,コーアツ工業,2709
1757,クレアホールディングス,28
1758,太洋基礎工業,1076
1762,高松コンストラクショングループ,2988
1764,工藤建設,247
1766,東建コーポレーション,13420
1768,ソネック,853
1770,藤田エンジニアリング,698
1771,日本乾溜工業,503
1773,ワイ・ティー・エル・コーポレーション・バーハッド,37
1775,富士古河E＆C,371
1776,三井住建道路,300
1777,川崎設備工業,450
1780,ヤマウラ,1014
1782,常磐開発,718
1783,アジアゲートホールディングス,82
1787,ナカボーテック,1349
1788,三東工業社,197
1789,山加電業,639
1793,大本組,905
1795,マサル,549
1798,守谷商会,385
1799,第一建設工業,1376
1801,大成建設,1148
1802,大林組,1298
1803,清水建設,1186
1805,飛島建設,156
1807,佐藤渡辺,490
1808,長谷工コーポレーション,1399
1810,松井建設,961
1811,錢高組,530
1812,鹿島建設,1028
1813,不動テトラ,178
1814,大末建設,977
1815,鉄建建設,355
1820,西松建設,596
1821,三井住友建設,121
1822,大豊建設,501
1824,前田建設工業,1281
1826,佐田建設,465
1827,ナカノフドー建設,584
1828,田辺工業,1006
1832,北海電気工事,510
1833,奥村組,810
1835,東鉄工業,3600
1840,土屋ホールディングス,198
1841,サンユー建設,972
1844,大盛工業,225
1846,鈴縫工業,301
1847,イチケン,519
1848,富士ピー・エス,459
1850,南海辰村建設,62
1852,淺沼組,321
1853,森組,188
1860,戸田建設,811
1861,熊谷組,336
1865,青木あすなろ建設,937
1866,北野建設,440
1867,植木組,269
1868,三井ホーム,705
1869,名工建設,950
1870,矢作建設工業,984
1871,ピーエス三菱,595
1873,日本ハウスホールディングス,559
1878,大東建託,19385
1879,新日本建設,837
1881,NIPPO,2196
1882,東亜道路工業,414
1883,前田道路,2256
1884,日本道路,615
1885,東亜建設工業,2149
1888,若築建設,190
1890,東洋建設,483
1892,徳倉建設,268
1893,五洋建設,643
1897,金下建設,688
1898,世紀東急工業,630
1899,福田組,6030
1904,大成温調,1585
1905,テノックス,1192
1906,細田工務店,144
1909,日本ドライケミカル,2340
1911,住友林業,1665
1914,日本基礎技術,375
1916,日成ビルド工業,596
1919,ヤマダ・エスバイエルホーム,83
1921,巴コーポレーション,420
1924,パナホーム,1190
1925,大和ハウス工業,3765
1926,ライト工業,1089
1928,積水ハウス,1852.5
1929,日特建設,561
1930,北陸電気工事,973
1931,日本電通,3505
1933,SYSKEN,350
1934,ユアテック,794
1935,TTK,520
1936,シーキューブ,544
1937,西部電気工業,2430
1938,日本リーテック,1188
1939,四電工,589
1941,中電工,3020
1942,関電工,1149
1944,きんでん,1710
1945,東京エネシス,1149
1946,トーエネック,637
1948,弘電社,375
1949,住友電設,1953
1950,日本電設工業,2220
1951,協和エクシオ,2042
1952,新日本空調,1576
1954,日本工営,3645
1956,NDS,3360
1959,九電工,4300
1960,サンテック,869
1961,三機工業,1234
1963,日揮,1713
1964,中外炉工業,217
1965,テクノ菱和,800
1966,高田工業所,663
1967,ヤマト,719
1968,太平電業,1424
1969,高砂熱学工業,1857
1971,中央ビルト工業,129
1972,三晃金属工業,3345
1973,NECネッツエスアイ,2642
1975,朝日工業社,3395
1976,明星工業,749
1979,大氣社,2910
1980,ダイダン,1430
1981,協和日成,714
1982,日比谷総合設備,2355
1983,東芝プラントシステム,1944
1984,三信建設工業,348
1987,ソルコム,1920
1989,北陸電話工事,343
1992,神田通信機,200
1994,高橋カーテンウォール工業,634
1997,暁飯島工業,1223
1999,サイタホールディングス,195
2001,日本製粉,1736
2002,日清製粉グループ本社,1942
2003,日東富士製粉,3985
2004,昭和産業,621
2008,増田製粉所,368
2009,鳥越製粉,828
2053,中部飼料,2043
2055,日和産業,289
2058,ヒガシマル,1046
2060,フィード・ワン,243
2107,東洋精糖,124
2108,日本甜菜製糖,2460
2109,三井製糖,3815
2112,塩水港精糖,250
2114,フジ日本精糖,582
2117,日新製糖,1993
2120,LIFULL,924
2121,ミクシィ,5470
2122,インタースペース,1845
2124,ジェイエイシーリクルートメント,1636
2127,日本M＆Aセンター,5430
2130,メンバーズ,625
2134,燦キャピタルマネージメント,89
2136,ヒップ,1186
2137,光ハイツ・ヴェラス,830
2138,クルーズ,2368
2139,中広,809
2144,やまねメディカル,240
2146,UTグループ,2190
2148,アイティメディア,650
2150,ケアネット,1660
2151,タケエイ,1170
2152,幼児活動研究会,1490
2153,E・Jホールディングス,1082
2154,トラスト・テック,3205
2156,セーラー広告,350
2157,コシダカホールディングス,3320
2158,FRONTEO,609
2159,フルスピード,1011
2160,ジーエヌアイグループ,403
2162,nmsホールディングス,1265
2163,アルトナー,1486
2164,地域新聞社,417
2168,パソナグループ,1153
2169,CDS,1243
2170,リンクアンドモチベーション,692
2172,インサイト,326
2173,博展,630
2174,GCA,1011
2175,エス・エム・エス,3680
2176,イナリサーチ,694
2178,トライステージ,604
2179,成学社,989
2180,サニーサイドアップ,773
2181,パーソルホールディングス,2398
2183,リニカル,1493
2185,シイエム・シイ,4350
2186,ソーバル,950
2191,テラ,528
2193,クックパッド,758
2195,アミタホールディングス,1116
2196,エスクリ,804
2198,アイ・ケイ・ケイ,834
2201,森永製菓,6550
2204,中村屋,5060
2206,江崎グリコ,5790
2207,名糖産業,1522
2208,ブルボン,2527
2209,井村屋グループ,2057
2211,不二家,2443
2212,山崎製パン,2069
2215,第一屋製パン,1197
2216,カンロ,3060
2217,モロゾフ,7650
2218,日糧製パン,213
2220,亀田製菓,4940
2221,岩塚製菓,5430
2222,寿スピリッツ,3605
2224,コモ,2389
2226,湖池屋,4840
2228,シベール,2919
2229,カルビー,3880
2264,森永乳業,867
2266,六甲バター,2366
2267,ヤクルト本社,7990
2268,B-Rサーティワンアイスクリーム,4015
2269,明治ホールディングス,8640
2270,雪印メグミルク,3250
2281,プリマハム,769
2282,日本ハム,3110
2286,林兼産業,925
2288,丸大食品,537
2291,福留ハム,442
2292,S　Foods,4195
2293,滝沢ハム,647
2294,柿安本店,1941
2296,伊藤ハム米久ホールディングス,1015
2300,きょくとう,632
2301,学情,1271
2303,ドーン,1372
2304,CSSホールディングス,430
2305,スタジオアリス,2600
2307,クロスキャット,719
2309,シミックホールディングス,1490
2311,エプコ,3275
2315,カイカ,65
2317,システナ,2785
2321,ソフトフロントホールディングス,206
2323,fonfun,430
2325,NJS,1370
2326,デジタルアーツ,4680
2327,新日鉄住金ソリューションズ,2431
2329,東北新社,768
2330,フォーサイド,340
2331,綜合警備保障,5050
2332,クエスト,848
2335,キューブシステム,827
2337,いちご,372
2338,ファステップス,574
2340,極楽湯ホールディングス,792
2341,アルバイトタイムス,222
2342,トランスジェニック,608
2344,平安レイサービス,965
2345,アイスタディ,1277
2349,エヌアイデイ,3290
2351,ASJ,2045
2352,エイジア,1117
2353,日本駐車場開発,165
2354,安川情報システム,587
2359,コア,1699
2362,夢真ホールディングス,805
2370,メディネット,126
2371,カカクコム,1389
2372,アイロムグループ,1547
2373,ケア21,3560
2374,セントケア・ホールディング,2274
2375,スリープログループ,1000
2376,サイネックス,965
2378,ルネサンス,1767
2379,ディップ,2472
2384,SBSホールディングス,779
2385,総医研ホールディングス,626
2388,ウェッジホールディングス,528
2389,オプトホールディング,1236
2391,プラネット,2173
2393,日本ケアサプライ,1229
2395,新日本科学,528
2397,DNAチップ研究所,1398
2398,ツクイ,757
2402,アマナ,877
2404,鉄人化計画,385
2405,フジコー,458
2406,アルテサロンホールディングス,769
2408,KG情報,801
2410,キャリアデザインセンター,1632
2411,ゲンダイエージェンシー,567
2412,ベネフィット・ワン,4625
2413,エムスリー,3170
2415,ヒューマンホールディングス,1551
2417,ツヴァイ,790
2418,ツカダ・グローバルホールディング,556
2424,ブラス,1026
2425,ケアサービス,2260
2427,アウトソーシング,7050
2428,ウェルネット,1147
2429,ワールドホールディングス,3470
2432,ディー・エヌ・エー,2410
2433,博報堂DYホールディングス,1451
2435,シダー,313
2436,共同ピーアール,1153
2437,シンワアートオークション,429
2438,アスカネット,1860
2440,ぐるなび,1633
2445,エスアールジータカミヤ,631
2449,プラップジャパン,1551
2453,ジャパンベストレスキューシステム,424
2454,オールアバウト,1552
2458,夢テクノロジー,868
2459,アウンコンサルティング,310
2461,ファンコミュニケーションズ,1189
2462,ライク,1858
2464,ビジネス・ブレークスルー,388
2467,バルクホールディングス,131
2468,フュートレック,906
2469,ヒビノ,1960
2471,エスプール,2828
2475,WDBホールディングス,2606
2477,比較.com,1709
2479,ジェイテック,214
2480,システム・ロケーション,1119
2481,タウンニュース社,413
2483,翻訳センター,3655
2484,夢の街創造委員会,1751
2485,ティア,858
2487,CDG,1928
2488,日本サード・パーティ,997
2489,アドウェイズ,494
2491,バリューコマース,731
2492,インフォマート,749
2493,イーサポートリンク,1179
2497,ユナイテッド,2541
2498,ACKグループ,1320
2499,日本和装ホールディングス,284
2501,サッポロホールディングス,3130
2502,アサヒグループホールディングス,4560
2503,キリンホールディングス,2479
2531,宝ホールディングス,1039
2533,オエノンホールディングス,280
2538,ジャパン・フード＆リカー・アライアンス,47
2540,養命酒製造,2197
2551,マルサンアイ,3820
2573,北海道コカ・コーラボトリング,714
2579,コカ・コーラボトラーズジャパン,3810
2586,フルッタフルッタ,859
2587,サントリー食品インターナショナル,5100
2588,プレミアムウォーターホールディングス,1249
2590,ダイドーグループホールディングス,5350
2593,伊藤園,3825
2594,キーコーヒー,2194
2597,ユニカフェ,1005
2599,ジャパンフーズ,1379
2602,日清オイリオグループ,743
2607,不二製油グループ本社,2922
2608,ボーソー油脂,169
2612,かどや製油,5610
2613,J-オイルミルズ,4040
2651,ローソン,7220
2652,まんだらけ,647
2653,イオン九州,1776
2654,アスモ,77
2655,マックスバリュ東北,1278
2656,ベクター,552
2659,サンエー,4890
2664,カワチ薬品,2668
2666,オートウェーブ,117
2667,イメージワン,383
2668,タビオ,1040
2669,カネ美食品,3400
2670,エービーシー・マート,5790
2673,夢みつけ隊,151
2674,ハードオフコーポレーション,1131
2675,ダイナック,1686
2676,高千穂交易,1063
2678,アスクル,3480
2681,ゲオホールディングス,1539
2683,魚喜,1470
2685,アダストリア,2437
2686,ジーフット,764
2687,シー・ヴイ・エス・ベイエリア,700
2689,カワニシホールディングス,1518
2692,伊藤忠食品,5040
2693,YKT,191
2694,ジー・テイスト,83
2695,くらコーポレーション,4965
2698,キャンドゥ,1734
2700,木徳神糧,690
2702,日本マクドナルドホールディングス,4955
2703,日本ライトン,297
2705,大戸屋ホールディングス,2028
2706,ブロッコリー,673
2708,久世,885
2714,プラマテルズ,816
2715,エレマテック,2045
2719,キタムラ,736
2721,ジェイホールディングス,715
2722,アイケイ,6300
2726,パルグループホールディングス,3570
2729,JALUX,2628
2730,エディオン,1051
2733,あらた,4805
2734,サーラコーポレーション,877
2735,ワッツ,1229
2736,サダマツ,232
2737,トーメンデバイス,2595
2742,ハローズ,2478
2743,ピクセルカンパニーズ,261
2747,北雄ラッキー,593
2749,JPホールディングス,353
2750,石光商事,413
2751,テンポスバスターズ,1923
2752,フジオフードシステム,1742
2753,あみやき亭,4725
2754,東葛ホールディングス,451
2760,東京エレクトロンデバイス,1950
2761,トシン・グループ,3250
2762,三光マーケティングフーズ,982
2763,エフティグループ,927
2764,ひらまつ,602
2767,フィールズ,1111
2768,双日,301
2769,ヴィレッジヴァンガードコーポレーション,1083
2772,ゲンキー,4615
2773,ミューチュアル,881
2776,クリムゾン,94
2777,カッシーナ・イクスシー,910
2778,パレモ・ホールディングス,268
2780,コメ兵,1623
2782,セリア,6490
2784,アルフレッサホールディングス,2067
2788,アップルインターナショナル,340
2789,カルラ,460
2790,ナフコ,1776
2791,大黒天物産,5260
2792,ハニーズホールディングス,1258
2795,日本プリメックス,685
2796,ファーマライズホールディングス,577
2798,ワイズテーブルコーポレーション,2740
2801,キッコーマン,3465
2802,味の素,2157.5
2804,ブルドックソース,2215
2805,ヱスビー食品,7860
2806,ユタカフーズ,1893
2809,キユーピー,2644
2810,ハウス食品グループ本社,3500
2811,カゴメ,3475
2812,焼津水産化学工業,1186
2813,和弘食品,304
2814,佐藤食品工業,1383
2815,アリアケジャパン,8140
2816,ダイショー,1314
2818,ピエトロ,1643
2819,エバラ食品工業,2081
2820,やまみ,1706
2830,アヲハタ,2460
2831,はごろもフーズ,1403
2871,ニチレイ,2901
2872,セイヒョー,3140
2874,横浜冷凍,1081
2875,東洋水産,4165
2876,ジェーシー・コムサ,373
2877,日東ベスト,870
2882,イートアンド,2518
2883,大冷,2021
2884,ヨシムラ・フード・ホールディングス,3905
2892,日本食品化工,460
2894,石井食品,203
2897,日清食品ホールディングス,7020
2899,永谷園ホールディングス,1278
2901,石垣食品,224
2902,太陽化学,1304
2903,シノブフーズ,725
2904,一正蒲鉾,1287
2905,オーケー食品工業,124
2907,あじかん,1109
2908,フジッコ,2688
2910,ロック・フィールド,2008
2911,旭松食品,410
2914,日本たばこ産業,3696
2915,ケンコーマヨネーズ,2775
2916,仙波糖化工業,592
2917,大森屋,916
2918,わらべや日洋ホールディングス,2762
2919,マルタイ,545
2922,なとり,1950
2923,サトウ食品工業,3685
2924,イフジ産業,807
2925,ピックルスコーポレーション,1631
2926,篠崎屋,137
2927,AFC-HDアムスライフサイエンス,819
2928,RIZAPグループ,1926
2929,ファーマフーズ,385
2930,北の達人コーポレーション,1097
2931,ユーグレナ,1138
3001,片倉工業,1336
3002,グンゼ,522
3003,ヒューリック,1043
3004,神栄,158
3010,価値開発,241
3011,バナーズ,200
3020,アプライド,1719
3021,パシフィックネット,496
3022,山下医科器械,1705
3023,ラサ商事,1048
3024,クリエイト,558
3028,アルペン,2161
3030,ハブ,1010
3031,ラクーン,610
3032,ゴルフ・ドゥ,508
3034,クオール,1912
3035,ケイティケイ,387
3036,アルコニックス,1864
3038,神戸物産,5200
3040,ソリトンシステムズ,1220
3041,ビューティ花壇,300
3042,セキュアヴェイル,727
3045,カワサキ,1483
3046,ジンズ,6600
3047,TRUCK-ONE,214
3048,ビックカメラ,1269
3050,DCMホールディングス,1016
3053,ペッパーフードサービス,3750
3054,ハイパー,636
3055,ほくやく・竹山ホールディングス,654
3057,ゼットン,887
3058,三洋堂ホールディングス,1000
3059,ヒラキ,988
3063,ジェイグループホールディングス,827
3064,MonotaRO,3385
3065,ライフフーズ,1758
3066,JBイレブン,816
3067,東京一番フーズ,604
3068,WDI,1443
3069,アスラポート・ダイニング,460
3070,アマガサ,491
3071,ストリーム,115
3073,DDホ－ルディングス,2552
3075,銚子丸,4410
3076,あいホールディングス,2798
3077,ホリイフードサービス,1069
3079,ディーブイエックス,1495
3080,ジェーソン,375
3082,きちり,698
3083,シーズメン,560
3085,アークランドサービスホールディングス,2161
3086,J.フロントリテイリング,1431
3087,ドトール・日レスホールディングス,2396
3088,マツモトキヨシホールディングス,7730
3089,テクノアルファ,1204
3091,ブロンコビリー,2697
3092,スタートトゥデイ,3565
3093,トレジャー・ファクトリー,806
3094,スーパーバリュー,997
3096,オーシャンシステム,976
3097,物語コーポレーション,7070
3098,ココカラファイン,6330
3099,三越伊勢丹ホールディングス,1122
3101,東洋紡,198
3103,ユニチカ,81
3104,富士紡ホールディングス,3715
3105,日清紡ホールディングス,1328
3106,倉敷紡績,290
3107,ダイワボウホールディングス,436
3109,シキボウ,158
3110,日東紡績,627
3111,オーミケンシ,81
3113,Oakキャピタル,256
3116,トヨタ紡織,2255
3121,マーチャント・バンカーズ,370
3123,サイボー,476
3125,新内外綿,117
3131,シンデン・ハイテックス,3550
3132,マクニカ・富士エレホールディングス,2010
3133,海帆,764
3134,Hamee,2060
3135,マーケットエンタープライズ,610
3136,エコノス,420
3137,ファンデリー,1424
3138,富士山マガジンサービス,1293
3139,ラクト・ジャパン,4050
3140,イデアインターナショナル,958
3141,ウエルシアホールディングス,4475
3143,オーウイル,931
3148,クリエイトSDホールディングス,2975
3150,グリムス,2477
3151,バイタルケーエスケー・ホールディングス,943
3153,八洲電機,941
3154,メディアスホールディングス,2600
3156,UKCホールディングス,1905
3157,ジューテックホールディングス,1250
3159,丸善CHIホールディングス,349
3160,大光,1001
3161,アゼアス,588
3165,フーマイスターエレクトロニクス,1046
3166,OCHIホールディングス,1308
3167,TOKAIホールディングス,844
3168,黒谷,1416
3169,ミサワ,450
3171,マックスバリュ九州,2075
3172,ティーライフ,1413
3173,大阪工機,1021
3174,ハピネス・アンド・ディ,1094
3175,エー・ピーカンパニー,733
3176,三洋貿易,2536
3177,ありがとうサービス,2844
3178,チムニー,2904
3179,シュッピン,2689
3180,ビューティガレージ,1716
3181,買取王国,690
3182,オイシックスドット大地,2124
3183,ウイン・パートナーズ,1470
3184,ICDAホールディングス,1500
3185,夢展望,1448
3186,ネクステージ,2011
3187,サンワカンパニー,413
3189,ANAP,691
3190,ホットマン,596
3191,ジョイフル本田,2868
3192,白鳩,496
3193,鳥貴族,3235
3194,キリン堂ホールディングス,1272
3195,ジェネレーションパス,600
3196,ホットランド,1420
3197,すかいらーく,1619
3198,SFPホールディングス,1718
3199,綿半ホールディングス,2437
3201,日本毛織,975
3202,ダイトウボウ,82
3204,トーア紡コーポレーション,576
3205,ダイドーリミテッド,437
3209,カネヨウ,154
3221,ヨシックス,2394
3222,ユナイテッド・スーパーマーケット・ホールディングス,1065
3223,エスエルディー,1280
3224,ゼネラル・オイスター,978
3228,三栄建築設計,1916
3230,スター・マイカ,3060
3231,野村不動産ホールディングス,2237
3232,三重交通グループホールディングス,445
3236,プロパスト,193
3237,イントランス,206
3238,セントラル総合開発,261
3241,ウィル,359
3242,アーバネットコーポレーション,333
3244,サムティ,1660
3245,ディア・ライフ,495
3246,コーセーアールイー,1352
3248,アールエイジ,778
3250,エー・ディー・ワークス,42
3252,日本商業開発,1749
3254,プレサンスコーポレーション,1542
3258,ユニゾホールディングス,2541
3260,エスポア,384
3261,グランディーズ,438
3264,アスコット,300
3266,ファンドクリエーショングループ,122
3267,フィル・カンパニー,1897
3271,THEグローバル社,822
3275,ハウスコム,2453
3276,日本管理センター,1458
3277,サンセイランディック,913
3280,エストラスト,749
3284,フージャースホールディングス,1086
3286,トラストホールディングス,395
3288,オープンハウス,3390
3289,東急不動産ホールディングス,642
3291,飯田グループホールディングス,1922
3293,アズマハウス,1667
3294,イーグランド,842
3297,東武住販,1120
3299,ムゲンエステート,1050
3300,AMBITION,1165
3302,帝国繊維,2276
3306,日本製麻,440
3313,ブックオフコーポレーション,798
3315,日本コークス工業,112
3316,東京日産コンピュータシステム,2624
3317,フライングガーデン,3020
3318,メガネスーパー,69
3319,ゴルフダイジェスト・オンライン,837
3320,クロスプラス,1200
3321,ミタチ産業,841
3322,アルファグループ,1630
3323,レカム,103
3326,ランシステム,886
3328,BEENOS,1166
3329,東和フードサービス,2870
3333,あさひ,1258
3341,日本調剤,3575
3344,ワンダーコーポレーション,912
3346,21LADY,323
3347,トラスト,295
3349,コスモス薬品,26300
3350,レッド・プラネット・ジャパン,27
3352,バッファロー,900
3353,メディカル一光,8050
3355,クリヤマホールディングス,1719
3356,テリロジー,337
3358,ワイエスフード,249
3359,タイセイ,1270
3360,シップヘルスケアホールディングス,3490
3361,トーエル,899
3366,一六堂,400
3370,フジタコーポレーション,818
3371,ソフトクリエイトホールディングス,1474
3372,関門海,463
3374,内外テック,3615
3375,ZOA,808
3376,オンリー,812
3377,バイク王＆カンパニー,217
3382,セブン＆アイ・ホールディングス,4310
3384,アークコア,393
3385,薬王堂,2929
3386,コスモ・バイオ,1263
3387,クリエイト・レストランツ・ホールディングス,1172
3388,明治電機工業,1692
3390,INEST,160
3391,ツルハホールディングス,13560
3392,デリカフーズ,1672
3393,スターティア,614
3395,サンマルクホールディングス,3240
3396,フェリシモ,1297
3397,トリドールホールディングス,3485
3399,丸千代山岡家,1198
3401,帝人,2226
3402,東レ,1069
3405,クラレ,2135
3407,旭化成,1375.5
3408,サカイオーベックス,2335
3409,北日本紡績,139
3415,TOKYO_BASE,5600
3416,ピクスタ,1315
3417,大木ヘルスケアホールディングス,648
3418,バルニバービ,2690
3419,アートグリーン,1880
3420,ケー・エフ・シー,2182
3421,稲葉製作所,1399
3422,丸順,809
3423,エスイー,513
3424,ミヤコ,899
3426,アトムリビンテック,1051
3431,宮地エンジニアリンググループ,324
3433,トーカロ,4385
3434,アルファ,2201
3435,サンコーテクノ,1043
3436,SUMCO,1664
3437,特殊電極,3750
3439,三ツ知,1695
3440,日創プロニティ,741
3441,山王,1354
3442,MIEコーポレーション,84
3443,川田テクノロジーズ,5840
3444,菊池製作所,885
3445,RSTechnologies,3995
3452,ビーロット,2820
3454,ファーストブラザーズ,878
3457,ハウスドゥ,1547
3458,シーアールイー,1395
3461,パルマ,1716
3464,プロパティエージェント,1586
3465,ケイアイスター不動産,1962
3467,アグレ都市デザイン,1386
3469,デュアルタップ,1672
3474,G-FACTORY,954
3475,グッドコムアセット,1672
3477,フォーライフ,2983
3479,ティーケーピー,2400
3480,ジェイ・エス・ビー,4175
3501,住江織物,338
3504,丸八ホールディングス,860
3512,日本フエルト,501
3513,イチカワ,348
3515,フジコー,631
3521,エコナックホールディングス,77
3524,日東製網,1829
3526,芦森工業,308
3528,プロスペクト,53
3529,アツギ,126
3536,アクサスホールディングス,123
3537,昭栄薬品,2517
3538,ウイルプラスホールディングス,2065
3539,ジャパンミート,1763
3541,農業総合研究所,2790
3542,ベガコーポレーション,1643
3543,コメダホールディングス,1888
3544,サツドラホールディングス,2076
3545,デファクトスタンダード,1425
3546,ダイユー・リックホールディングス,856
3547,串カツ田中,5750
3548,バロックジャパンリミテッド,1012
3549,クスリのアオキホールディングス,6890
3550,スタジオアタオ,1899
3551,ダイニック,264
3553,共和レザー,929
3556,リネットジャパングループ,533
3557,ユナイテッド＆コレクティブ,4240
3558,ロコンド,1897
3559,ピーバンドットコム,1676
3560,ほぼ日,5140
3561,力の源ホールディングス,2109
3562,No.1,2030
3563,スシローグローバルホールディングス,3500
3564,LIXILビバ,1956
3565,アセンテック,4290
3566,ユニフォームネクスト,5060
3569,セーレン,1997
3571,ソトー,1151
3577,東海染工,139
3578,倉庫精練,157
3580,小松精練,877
3583,オーベクス,237
3591,ワコールホールディングス,1576
3593,ホギメディカル,8060
3597,自重堂,1536
3598,山喜,284
3600,フジックス,380
3604,川本産業,320
3606,レナウン,202
3607,クラウディアホールディングス,624
3608,TSIホールディングス,815
3622,ネットイヤーグループ,623
3623,ビリングシステム,7550
3624,アクセルマーク,1519
3625,テックファームホールディングス,1382
3626,TIS,3145
3627,ネオス,459
3628,データホライゾン,1797
3630,電算システム,1910
3632,グリー,774
3633,GMOペパボ,3160
3634,ソケッツ,1456
3635,コーエーテクモホールディングス,2283
3636,三菱総合研究所,3185
3639,ボルテージ,1143
3640,電算,2231
3641,パピレス,2511
3645,メディカルネット,628
3646,駅探,718
3647,ジー・スリーホールディングス,205
3648,AGS,1455
3649,ファインデックス,830
3652,ディジタルメディアプロフェッショナル,2638
3653,モルフォ,4565
3654,ヒト・コミュニケーションズ,1820
3655,ブレインパッド,1054
3656,KLab,1665
3657,ポールトゥウィン・ピットクルーホールディングス,1508
3658,イーブックイニシアティブジャパン,1116
3659,ネクソン,2918
3660,アイスタイル,629
3661,エムアップ,1368
3662,エイチーム,3025
3663,アートスパークホールディングス,1206
3664,モブキャスト,811
3665,エニグモ,1086
3666,テクノスジャパン,1038
3667,enish,2231
3668,コロプラ,1240
3669,モバイルクリエイト,395
3670,協立情報通信,1869
3671,ソフトマックス,1588
3672,オルトプラス,929
3673,ブロードリーフ,861
3674,オークファン,837
3675,クロス・マーケティンググループ,582
3676,ハーツユナイテッドグループ,1444
3677,システム情報,804
3678,メディアドゥホールディングス,2507
3679,じげん,1621
3680,ホットリンク,566
3681,ブイキューブ,617
3682,エンカレッジ・テクノロジ,2079
3683,サイバーリンクス,1444
3685,みんなのウェディング,680
3686,ディー・エル・イー,451
3687,フィックスターズ,3810
3688,VOYAGEグループ,1396
3689,イグニス,3640
3690,ロックオン,1634
3691,リアルワールド,1504
3692,FFRI,3965
3694,オプティム,2535
3695,GMOリサーチ,2323
3696,セレス,1276
3697,SHIFT,1397
3698,CRI・ミドルウェア,1999
3708,特種東海製紙,4610
3710,ジョルダン,1030
3711,創通,2360
3712,情報企画,1786
3719,ジェクシード,120
3723,日本ファルコム,1058
3724,ベリサーブ,3370
3726,フォーシーズホールディングス,510
3727,アプリックス,448
3733,ソフトウェア・サービス,4945
3738,ティーガイア,2101
3739,コムシード,471
3741,セック,2352
3742,ITbook,493
3744,サイオステクノロジー,706
3747,インタートレード,264
3750,セブンシーズホールディングス,1590
3751,日本アジアグループ,411
3753,フライトホールディングス,900
3754,エキサイト,806
3756,豆蔵ホールディングス,1093
3758,アエリア,2163
3760,ケイブ,1735
3762,テクマトリックス,1511
3763,プロシップ,2241
3765,ガンホー・オンライン・エンターテイメント,299
3766,システムズ・デザイン,794
3768,リスクモンスター,1073
3769,GMOペイメントゲートウェイ,7050
3770,ザッパラス,421
3771,システムリサーチ,2148
3772,ウェルス・マネジメント,2023
3773,アドバンスト・メディア,832
3774,インターネットイニシアティブ,2093
3775,ガイアックス,635
3776,ブロードバンドタワー,208
3777,ジオネクスト,50
3778,さくらインターネット,819
3779,ジェイ・エスコムホールディングス,124
3782,ディー・ディー・エス,635
3784,ヴィンクス,1192
3787,テクノマセマティカル,1087
3788,GMOクラウド,3100
3791,IGポート,1883
3793,ドリコム,1222
3794,エヌ・デーソフトウェア,1378
3796,いい生活,374
3798,ULSグループ,1530
3799,キーウェアソリューションズ,525
3800,ユニリタ,1681
3802,エコミック,835
3803,イメージ情報開発,803
3804,システムディ,1325
3807,フィスコ,319
3808,オウケイウェイヴ,519
3810,サイバーステップ,2248
3814,アルファクス・フード・システム,1200
3815,メディア工房,569
3816,大和コンピューター,1142
3817,SRAホールディングス,2886
3822,Minoriソリューションズ,1312
3823,アクロディア,367
3824,メディアファイブ,777
3825,リミックスポイント,980
3826,システムインテグレータ,797
3830,ギガプライズ,2132
3834,朝日ネット,528
3835,eBASE,2425
3836,アバント,1729
3837,アドソル日進,1116
3839,ODKソリューションズ,397
3840,パス,160
3841,ジーダット,1056
3842,ネクストジェン,1940
3843,フリービット,914
3844,コムチュア,5750
3845,アイフリークモバイル,296
3847,パシフィックシステム,2722
3848,データ・アプリケーション,1629
3849,日本テクノ・ラボ,750
3850,エヌ・ティ・ティ・データ・イントラマート,1617
3851,日本一ソフトウェア,1629
3852,サイバーコム,1007
3853,インフォテリア,1197
3854,アイル,1321
3856,Abalance,893
3857,ラック,1356
3858,ユビキタス,844
3861,王子ホールディングス,593
3863,日本製紙,2068
3864,三菱製紙,733
3865,北越紀州製紙,677
3877,中越パルプ工業,226
3878,巴川製紙所,331
3880,大王製紙,1343
3891,ニッポン高度紙工業,2696
3892,岡山製紙,555
3895,ハビックス,1094
3896,阿波製紙,828
3900,クラウドワークス,879
3901,マークラインズ,908
3902,メディカル・データ・ビジョン,2282
3903,gumi,1085
3904,カヤック,1405
3905,データセクション,642
3906,ALBERT,1247
3907,シリコンスタジオ,4750
3908,コラボス,2615
3909,ショーケース・ティービー,1069
3910,エムケイシステム,1994
3911,Aiming,663
3912,モバイルファクトリー,1392
3913,sMedio,2134
3914,JIG-SAW,5930
3915,テラスカイ,6980
3916,デジタル・インフォメーション・テクノロジー,2047
3917,アイリッジ,2064
3918,PCIホールディングス,2647
3919,パイプドHD,1177
3920,アイビーシー,916
3921,ネオジャパン,1420
3922,PR_TIMES,3005
3923,ラクス,1952
3924,ランドコンピュータ,1431
3925,ダブルスタンダード,5770
3926,オープンドア,4055
3927,アークン,538
3928,マイネット,1570
3929,ソーシャルワイヤー,2798
3930,はてな,2175
3931,バリューゴルフ,1992
3932,アカツキ,9170
3933,チエル,1542
3934,ベネフィットジャパン,1025
3935,エディア,1425
3936,グローバルウェイ,3595
3937,Ubicomホールディングス,3005
3938,LINE,3910
3939,カナミックネットワーク,1839
3940,ノムラシステムコーポレーション,1400
3941,レンゴー,632
3943,大石産業,980
3944,古林紙工,244
3945,スーパーバッグ,253
3946,トーモク,384
3947,ダイナパック,1651
3948,光ビジネスフォーム,497
3950,ザ・パック,4020
3951,朝日印刷,2650
3952,中央紙器工業,1400
3953,大村紙業,630
3954,昭和パックス,1581
3955,イムラ封筒,529
3956,国際チャート,244
3960,バリューデザイン,2233
3961,シルバーエッグ・テクノロジー,2166
3962,チェンジ,8460
3963,シンクロ・フード,1720
3964,オークネット,1431
3965,キャピタル・アセット・プランニング,2292
3966,ユーザベース,3055
3967,エルテス,2300
3968,セグエグループ,4410
3969,エイトレッド,2997
3970,イノベーション,1823
3974,ティビィシィ・スキヤツト,1405
3975,AOI_TYOホールディングス,1189
3976,シャノン,2226
3977,フュージョン,1495
3978,マクロミル,2622
3979,うるる,3630
3981,ビーグリー,1747
3983,オロ,1501
3984,ユーザーローカル,6970
3985,テモナ,6270
3986,ビーブレイクシステムズ,4265
3987,エコモット,3535
3988,SYSホールディングス,3375
3989,シェアリングテクノロジー,2180
3990,UUUM,4615
3991,ウォンテッドリー,4610
4004,昭和電工,3280
4005,住友化学,690
4008,住友精化,5250
4021,日産化学工業,4035
4022,ラサ工業,211
4023,クレハ,5670
4025,多木化学,4635
4026,神島化学工業,1691
4027,テイカ,1025
4028,石原産業,1483
4031,片倉コープアグリ,270
4033,日東エフシー,866
4041,日本曹達,659
4042,東ソー,1288
4043,トクヤマ,517
4044,セントラル硝子,493
4045,東亞合成,1426
4046,大阪ソーダ,580
4047,関東電化工業,1118
4061,デンカ,711
4062,イビデン,1785
4063,信越化学工業,9982
4064,日本カーバイド工業,240
4078,堺化学工業,544
4080,田中化学研究所,2347
4082,第一稀元素化学工業,1403
4088,エア・ウォーター,2029
4091,大陽日酸,1270
4092,日本化学工業,256
4093,東邦アセチレン,1650
4094,日本化学産業,2388
4095,日本パーカライジング,1715
4097,高圧ガス工業,839
4098,チタン工業,375
4099,四国化成工業,1629
4100,戸田工業,516
4102,丸尾カルシウム,1500
4107,伊勢化学工業,602
4109,ステラケミファ,5120
4112,保土谷化学工業,8600
4113,田岡化学工業,530
4114,日本触媒,8070
4115,本州化学工業,1321
4116,大日精化工業,1080
4117,川崎化成工業,206
4118,カネカ,861
4119,日本ピグメント,438
4120,スガイ化学工業,163
4151,協和発酵キリン,1838
4182,三菱瓦斯化学,2779
4183,三井化学,684
4185,JSR,2123
4186,東京応化工業,4085
4187,大阪有機化学工業,1384
4188,三菱ケミカルホールディングス,1063
4189,KHネオケム,2732
4202,ダイセル,1369
4203,住友ベークライト,827
4204,積水化学工業,2177
4205,日本ゼオン,1420
4206,アイカ工業,3655
4208,宇部興産,326
4212,積水樹脂,2100
4215,タキロンシーアイ,673
4216,旭有機材,290
4217,日立化成,3245
4218,ニチバン,1139
4220,リケンテクノス,641
4221,大倉工業,786
4222,児玉化学工業,92
4224,ロンシール工業,2533
4228,積水化成品工業,1272
4229,群栄化学工業,3815
4231,タイガースポリマー,781
4234,サンエー化研,1023
4235,第一化成,2735
4237,フジプレアム,304
4238,ミライアル,1414
4239,ポラテクノ,910
4240,クラスターテクノロジー,660
4241,アテクト,1776
4242,タカギセイコー,842
4243,ニックス,1128
4245,ダイキアクシス,1295
4246,ダイキョーニシカワ,1713
4247,ポバール興業,1200
4248,竹本容器,1769
4272,日本化薬,1765
4274,細谷火工,1752
4275,カーリットホールディングス,719
4282,EPSホールディングス,2111
4284,ソルクシーズ,793
4286,レッグス,799
4287,ジャストプランニング,808
4288,アズジェント,3300
4290,プレステージ・インターナショナル,1133
4291,JIEC,1549
4293,セプテーニ・ホールディングス,306
4295,フェイス,1190
4298,プロトコーポレーション,1998
4299,ハイマックス,1594
4301,アミューズ,2747
4304,Eストアー,784
4307,野村総合研究所,4235
4308,Jストリーム,553
4310,ドリームインキュベータ,2115
4312,サイバネットシステム,742
4316,ビーマップ,1570
4317,レイ,305
4318,クイック,1760
4319,TAC,250
4320,CEホールディングス,1270
4321,ケネディクス,563
4323,日本システム技術,1299
4324,電通,4705
4326,インテージホールディングス,2679
4327,日本エス・エイチ・エル,5010
4331,テイクアンドギヴ・ニーズ,779
4333,東邦システムサイエンス,798
4334,ユークス,636
4335,アイ・ピー・エス,698
4336,クリエアナブキ,911
4337,ぴあ,5330
4341,西菱電機,967
4342,セコム上信越,3400
4343,イオンファンタジー,3790
4344,ソースネクスト,493
4345,シーティーエス,755
4346,ネクシィーズグループ,1885
4347,ブロードメディア,111
4348,インフォコム,2484
4349,テスク,241
4350,メディカルシステムネットワーク,500
4351,山田債権回収管理総合事務所,500
4355,ロングライフホールディング,544
4356,応用技術,657
4361,川口化学工業,218
4362,日本精化,940
4364,マナック,490
4365,松本油脂製薬,11970
4366,ダイトーケミックス,755
4367,広栄化学工業,729
4368,扶桑化学工業,3580
4369,トリケミカル研究所,3520
4401,ADEKA,1918
4403,日油,1593
4404,ミヨシ油脂,1414
4406,新日本理化,276
4409,東邦化学工業,398
4410,ハリマ化成グループ,919
4452,花王,6697
4461,第一工業製薬,682
4462,石原ケミカル,1771
4463,日華化学,1041
4464,ソフト99コーポレーション,970
4465,ニイタカ,1906
4471,三洋化成工業,6160
4502,武田薬品工業,6115
4503,アステラス製薬,1442.5
4506,大日本住友製薬,1470
4507,塩野義製薬,5963
4508,田辺三菱製薬,2704
4512,わかもと製薬,283
4514,あすか製薬,1699
4516,日本新薬,7920
4517,ビオフェルミン製薬,2825
4519,中外製薬,4600
4521,科研製薬,5800
4523,エーザイ,5801
4524,森下仁丹,594
4526,理研ビタミン,4355
4527,ロート製薬,2621
4528,小野薬品工業,2400.5
4530,久光製薬,5280
4531,有機合成薬品工業,290
4534,持田製薬,8200
4536,参天製薬,1817
4538,扶桑薬品工業,2738
4539,日本ケミファ,5120
4540,ツムラ,3980
4541,日医工,1660
4543,テルモ,4455
4544,みらかホールディングス,5060
4547,キッセイ薬品工業,2870
4548,生化学工業,1927
4549,栄研化学,4015
4550,日水製薬,1407
4551,鳥居薬品,2940
4552,JCRファーマ,3040
4553,東和薬品,5250
4554,富士製薬工業,3680
4555,沢井製薬,6140
4556,カイノス,688
4557,医学生物学研究所,494
4558,中京医薬品,288
4559,ゼリア新薬工業,2021
4563,アンジェス,622
4564,オンコセラピー・サイエンス,247
4565,そーせいグループ,8850
4568,第一三共,2586
4569,キョーリン製薬ホールディングス,2228
4570,免疫生物研究所,806
4571,ナノキャリア,657
4572,カルナバイオサイエンス,1210
4574,大幸薬品,2261
4575,キャンバス,629
4576,デ・ウエスタン・セラピテクス研究所,468
4577,ダイト,2787
4578,大塚ホールディングス,4353
4579,ラクオリア創薬,1086
4581,大正製薬ホールディングス,8630
4582,シンバイオ製薬,234
4583,カイオム・バイオサイエンス,366
4584,ジーンテクノサイエンス,1116
4585,UMNファーマ,288
4586,メドレックス,697
4587,ペプチドリーム,3525
4588,オンコリスバイオファーマ,641
4591,リボミック,557
4592,サンバイオ,1416
4593,ヘリオス,1368
4594,ブライトパス・バイオ,438
4595,ミズホメディー,2686
4596,窪田製薬ホールディングス,646
4597,ソレイジア・ファーマ,339
4611,大日本塗料,346
4612,日本ペイントホールディングス,3775
4613,関西ペイント,2802
4615,神東塗料,217
4616,川上塗料,1589
4617,中国塗料,906
4619,日本特殊塗料,1928
4620,藤倉化成,659
4621,ロックペイント,800
4623,アサヒペン,181
4624,イサム塗料,630
4625,アトミクス,1009
4626,太陽ホールディングス,5290
4627,ナトコ,1374
4628,エスケー化研,9200
4629,大伸化学,1616
4631,DIC,3935
4633,サカタインクス,2055
4634,東洋インキSCホールディングス,622
4635,東京インキ,384
4636,T＆K　TOKA,1263
4640,アンドール,405
4641,アルプス技研,3615
4642,オリジナル設計,492
4644,イマジニア,927
4645,市進ホールディングス,421
4649,大成,836
4650,SDエンターテイメント,1120
4651,サニックス,300
4653,ダイオーズ,1336
4656,サン・ライフ,963
4657,環境管理センター,479
4658,日本空調サービス,712
4659,エイジス,2379
4661,オリエンタルランド,8412
4662,フォーカスシステムズ,933
4664,アール・エス・シー,547
4665,ダスキン,3065
4666,パーク24,2666
4667,アイサンテクノロジー,3295
4668,明光ネットワークジャパン,1481
4669,ニッパンレンタル,1808
4671,ファルコホールディングス,1630
4673,川崎地質,484
4674,クレスコ,3935
4676,フジ・メディア・ホールディングス,1556
4678,秀英予備校,481
4679,田谷,675
4680,ラウンドワン,1315
4681,リゾートトラスト,1970
4684,オービック,6860
4685,菱友システムズ,1064
4686,ジャストシステム,2475
4687,TDCソフトウェアエンジニアリング,1125
4689,ヤフー,505
4690,日本パレットプール,225
4694,ビー・エム・エル,2370
4695,マイスターエンジニアリング,679
4696,ワタベウェディング,705
4699,ウチダエスコ,1203
4704,トレンドマイクロ,5540
4705,クリップコーポレーション,900
4707,キタック,319
4708,りらいあコミュニケーションズ,1280
4709,インフォメーション・ディベロプメント,1285
4712,アドアーズ,121
4714,リソー教育,837
4716,日本オラクル,8310
4718,早稲田アカデミー,1543
4719,アルファシステムズ,2300
4720,城南進学研究社,530
4722,フューチャー,918
4725,CACホールディングス,1034
4726,ソフトバンク・テクノロジー,1785
4728,トーセ,2444
4732,ユー・エス・エス,2180
4733,オービックビジネスコンサルタント,5600
4734,ビーイング,420
4735,京進,708
4736,日本ラッド,900
4739,伊藤忠テクノソリューションズ,4080
4743,アイティフォー,605
4745,東京個別指導学院,1065
4746,東計電算,2908
4748,構造計画研究所,2159
4750,ダイサン,843
4751,サイバーエージェント,3370
4752,昭和システムエンジニアリング,668
4754,トスネット,1065
4755,楽天,1234.5
4760,アルファ,209
4761,さくらケーシーエス,657
4762,エックスネット,902
4763,クリーク・アンド・リバー社,1201
4764,SAMURAI＆J_PARTNERS,1180
4765,モーニングスター,333
4766,ピーエイ,181
4767,テー・オー・ダブリュー,825
4768,大塚商会,7100
4769,インフォメーションクリエーティブ,1057
4770,図研エルミック,545
4771,エフアンドエム,1031
4772,デジタルアドベンチャー,638
4775,総合メディカル,5170
4776,サイボウズ,503
4777,ガーラ,411
4779,ソフトブレーン,407
4781,日本ハウズイング,3080
4783,日本コンピュータ・ダイナミクス,778
4784,GMOアドパートナーズ,452
4792,山田コンサルティンググループ,7560
4793,富士通ビー・エス・シー,1099
4800,オリコン,364
4801,セントラルスポーツ,4115
4809,パラカ,2418
4812,電通国際情報サービス,2514
4813,ACCESS,880
4814,ネクストウェア,326
4816,東映アニメーション,11200
4819,デジタルガレージ,2133
4820,イーエムシステムズ,2162
4824,メディアシーク,461
4825,ウェザーニューズ,3495
4826,CIJ,640
4827,ビジネス・ワンホールディングス,494
4828,東洋ビジネスエンジニアリング,1748
4829,日本エンタープライズ,251
4832,JFEシステムズ,2488
4833,ぱど,545
4834,キャリアバンク,979
4837,シダックス,438
4838,スペースシャワーネットワーク,616
4839,WOWOW,3730
4840,トライアイズ,354
4845,スカラ,794
4847,インテリジェントウェイブ,747
4848,フルキャストホールディングス,1935
4849,エン・ジャパン,3850
4875,メディシノバ・インク,608
4901,富士フイルムホールディングス,4327
4902,コニカミノルタ,910
4911,資生堂,4573
4912,ライオン,2128
4914,高砂香料工業,3845
4917,マンダム,6230
4918,アイビー化粧品,8270
4919,ミルボン,6500
4920,日本色材工業研究所,5300
4921,ファンケル,2431
4922,コーセー,13570
4923,コタ,1277
4924,シーズ・ホールディングス,3830
4925,ハーバー研究所,4195
4926,シーボン,2549
4927,ポーラ・オルビスホールディングス,3505
4928,ノエビアホールディングス,6370
4929,アジュバンコスメジャパン,960
4951,エステー,2498
4952,エス・ディー・エスバイオテック,857
4955,アグロカネショウ,1748
4956,コニシ,1975
4957,ヤスハラケミカル,760
4958,長谷川香料,2139
4960,ケミプロ化成,442
4962,互応化学工業,1390
4963,星光PMC,1201
4965,曽田香料,1137
4966,上村工業,6820
4967,小林製薬,6620
4968,荒川化学工業,2729
4970,東洋合成工業,1415
4971,メック,1802
4972,綜研化学,2020
4973,日本高純度化学,2702
4974,タカラバイオ,1512
4975,JCU,4895
4976,東洋ドライルーブ,3725
4977,新田ゼラチン,755
4978,リプロセル,354
4979,OATアグリオ,2095
4980,デクセリアルズ,1488
4985,アース製薬,5030
4987,寺岡製作所,528
4990,昭和化学工業,425
4992,北興化学工業,678
4994,大成ラミック,2951
4995,サンケイ化学,925
4996,クミアイ化学工業,732
4997,日本農薬,639
4998,フマキラー,995
4999,セメダイン,714
5002,昭和シェル石油,1199
5008,東亜石油,146
5009,富士興産,579
5010,日本精蝋,325
5011,ニチレキ,1349
5013,ユシロ化学工業,1627
5015,ビーピー・カストロール,1856
5017,富士石油,407
5018,MORESCO,2134
5019,出光興産,2848
5020,JXTGホールディングス,548.5
5021,コスモエネルギーホールディングス,2327
5101,横浜ゴム,2213
5103,昭和ホールディングス,121
5104,日東化工,88
5105,東洋ゴム工業,2384
5108,ブリヂストン,4893
5110,住友ゴム工業,1956
5121,藤倉ゴム工業,936
5122,オカモト,1164
5142,アキレス,2239
5161,西川ゴム工業,2258
5162,朝日ラバー,1198
5184,ニチリン,3630
5185,フコク,1128
5186,ニッタ,3930
5187,クリエートメディック,1027
5189,櫻護謨,585
5191,住友理工,1062
5192,三ツ星ベルト,1352
5194,相模ゴム工業,1605
5195,バンドー化学,1187
5199,不二ラテックス,320
5201,旭硝子,4230
5202,日本板硝子,835
5204,石塚硝子,2389
5208,有沢製作所,1031
5210,日本山村硝子,196
5212,不二硝子,489
5214,日本電気硝子,4235
5216,倉元製作所,231
5217,テクノクオーツ,774
5218,オハラ,2056
5232,住友大阪セメント,493
5233,太平洋セメント,434
5237,ノザワ,1401
5261,リソルホールディングス,381
5262,日本ヒューム,671
5268,旭コンクリート工業,699
5269,日本コンクリート工業,434
5271,トーヨーアサノ,2041
5273,三谷セキサン,2490
5277,スパンクリートコーポレーション,537
5279,日本興業,182
5280,ヨシコン,1387
5282,ジオスター,908
5283,高見澤,494
5284,ヤマウ,393
5285,ヤマックス,363
5287,イトーヨーギョー,999
5288,アジアパイルホールディングス,574
5289,ゼニス羽田ホールディングス,393
5301,東海カーボン,878
5302,日本カーボン,4160
5304,SECカーボン,449
5310,東洋炭素,2720
5331,ノリタケカンパニーリミテド,5530
5332,TOTO,4300
5333,日本碍子,2083
5334,日本特殊陶業,2164
5337,ダントーホールディングス,148
5341,アサヒ衛陶,122
5342,ジャニス工業,167
5343,ニッコー,142
5344,MARUWA,6280
5351,品川リフラクトリーズ,370
5352,黒崎播磨,529
5355,日本坩堝,219
5356,美濃窯業,340
5357,ヨータイ,413
5358,イソライト工業,757
5363,東京窯業,351
5367,ニッカトー,614
5380,新東,268
5381,Mipox,808
5384,フジミインコーポレーテッド,2690
5386,鶴弥,484
5387,チヨダウーテ,496
5388,クニミネ工業,826
5391,エーアンドエーマテリアル,127
5393,ニチアス,1343
5395,理研コランダム,253
5401,新日鐵住金,2639.5
5406,神戸製鋼所,1320
5408,中山製鋼所,732
5410,合同製鐵,2066
5411,ジェイエフイーホールディングス,2234
5413,日新製鋼,1396
5423,東京製鐵,971
5440,共英製鋼,1637
5444,大和工業,3125
5445,東京鐵鋼,432
5446,北越メタル,1386
5449,大阪製鐵,2426
5451,淀川製鋼所,3040
5453,東洋鋼鈑,545
5456,朝日工業,1424
5458,高砂鐵工,102
5461,中部鋼鈑,756
5463,丸一鋼管,3255
5464,モリ工業,2549
5471,大同特殊鋼,630
5476,日本高周波鋼業,113
5480,日本冶金工業,222
5481,山陽特殊製鋼,563
5482,愛知製鋼,4320
5484,東北特殊鋼,1910
5486,日立金属,1515
5491,日本金属,3060
5541,大平洋金属,302
5542,新報国製鉄,1381
5563,新日本電工,465
5602,栗本鐵工所,2283
5603,虹技,225
5607,中央可鍛工業,539
5609,日本鋳造,134
5610,大和重工,141
5612,日本鋳鉄管,180
5614,川金ホールディングス,357
5631,日本製鋼所,2628
5632,三菱製鋼,284
5644,メタルアート,330
5658,日亜鋼業,305
5659,日本精線,941
5660,神鋼鋼線工業,185
5695,パウダーテック,850
5697,サンユウ,432
5698,エンビプロ・ホールディングス,1105
5702,大紀アルミニウム工業所,812
5703,日本軽金属ホールディングス,324
5704,JMC,1127
5706,三井金属鉱業,573
5707,東邦亜鉛,483
5711,三菱マテリアル,3835
5713,住友金属鉱山,1897.5
5714,DOWAホールディングス,814
5715,古河機械金属,193
5721,エス・サイエンス,82
5724,アサカ理研,1700
5726,大阪チタニウムテクノロジーズ,1582
5727,東邦チタニウム,803
5729,日本精鉱,641
5741,UACJ,304
5742,エヌアイシ・オートテック,2187
5753,日本伸銅,1488
5757,CKサンエツ,2778
5758,FCM,2915
5781,東邦金属,182
5801,古河電気工業,6280
5802,住友電気工業,1732
5803,フジクラ,895
5805,昭和電線ホールディングス,104
5807,東京特殊電線,2257
5809,タツタ電線,877
5815,沖電線,328
5816,オーナンバ,453
5817,JMACS,849
5819,カナレ電気,2495
5820,三ッ星,386
5821,平河ヒューテック,1522
5851,リョービ,597
5852,アーレスティ,899
5856,東理ホールディングス,85
5857,アサヒホールディングス,2311
5900,ダイケン,815
5901,東洋製罐グループホールディングス,1862
5902,ホッカンホールディングス,418
5903,シンポ,801
5905,日本製罐,125
5906,エムケー精工,416
5907,JFEコンテイナー,404
5909,コロナ,1157
5911,横河ブリッジホールディングス,1965
5912,OSJBホールディングス,318
5915,駒井ハルテック,2305
5918,瀧上工業,536
5921,川岸工業,1072
5922,那須電機鉄工,413
5923,高田機工,319
5928,アルメタックス,394
5929,三和ホールディングス,1268
5930,文化シヤッター,879
5932,三協立山,1545
5933,アルインコ,1287
5935,元旦ビューティ工業,424
5936,東洋シヤッター,650
5938,LIXILグループ,3035
5939,大谷工業,371
5940,不二サッシ,106
5941,中西製作所,1292
5942,日本フイルコン,638
5943,ノーリツ,1974
5945,天龍製鋸,2403
5946,長府製作所,2722
5947,リンナイ,9630
5949,ユニプレス,2909
5950,日本パワーファスニング,187
5951,ダイニチ工業,781
5952,アマテイ,124
5953,昭和鉄工,222
5955,ヤマシナ,72
5956,トーソー,549
5957,日東精工,595
5958,三洋工業,219
5959,岡部,1006
5962,浅香工業,192
5964,東洋刃物,948
5965,フジマック,1729
5966,京都機械工具,406
5967,TONE,562
5969,ロブテックス,250
5970,ジーテクト,2194
5971,共和工業所,1055
5973,トーアミ,546
5974,中国工業,765
5975,東プレ,3245
5976,高周波熱錬,1110
5979,カネソウ,500
5981,東京製綱,1596
5982,マルゼン,1925
5983,イワブチ,5850
5984,兼房,810
5985,サンコール,696
5986,モリテックスチール,468
5987,オーネックス,164
5988,パイオラックス,2861
5989,エイチワン,1092
5990,スーパーツール,440
5991,日本発條,1168
5992,中央発條,353
5993,知多鋼業,800
5994,ファインシンター,2210
5997,協立エアテック,679
5998,アドバネクス,2618
5999,イハラサイエンス,1965
6005,三浦工業,2614
6013,タクマ,1359
6016,ジャパンエンジンコーポレーション,151
6018,阪神内燃機工業,316
6022,赤阪鐵工所,190
6023,ダイハツディーゼル,714
6025,日本PCサービス,620
6026,GMOTECH,2352
6027,弁護士ドットコム,1484
6028,テクノプロ・ホールディングス,5270
6029,アトラ,642
6030,アドベンチャー,10100
6031,サイジニア,1945
6032,インターワークス,1061
6033,エクストリーム,1714
6034,MRT,1605
6035,アイ・アールジャパンホールディングス,1604
6036,KeePer技研,1325
6037,ファーストロジック,2594
6038,イード,951
6039,日本動物高度医療センター,2108
6040,日本スキー場開発,1499
6042,ニッキ,452
6044,三機サービス,1262
6045,レントラックス,910
6046,リンクバル,1918
6047,Gunosy,3130
6048,デザインワン・ジャパン,1349
6049,イトクロ,4900
6050,イー・ガーディアン,2171
6054,リブセンス,574
6055,ジャパンマテリアル,2900
6058,ベクトル,1492
6059,ウチヤマホールディングス,463
6060,こころネット,1133
6061,ユニバーサル園芸社,2016
6062,チャーム・ケア・コーポレーション,2377
6063,日本エマージェンシーアシスタンス,1099
6064,アクトコール,1276
6065,ライクキッズネクスト,2388
6067,メディアフラッグ,578
6069,トレンダーズ,1347
6070,キャリアリンク,557
6071,IBJ,772
6072,地盤ネットホールディングス,340
6073,アサンテ,1834
6074,ジェイエスエス,990
6076,アメイズ,1270
6077,N・フィールド,1693
6078,バリューHR,3700
6079,エナリス,523
6080,M＆Aキャピタルパートナーズ,5220
6081,アライドアーキテクツ,918
6082,ライドオン・エクスプレス,931
6083,ERIホールディングス,877
6084,オウチーノ,2300
6085,アーキテクツ・スタジオ・ジャパン,1401
6086,シンメンテホールディングス,4755
6087,アビスト,4855
6088,シグマクシス,794
6089,ウィルグループ,1291
6090,ヒューマン・メタボローム・テクノロジーズ,1696
6091,ウエスコホールディングス,401
6092,エンバイオ・ホールディングス,1423
6093,エスクロー・エージェント・ジャパン,3600
6094,フリークアウト・ホールディングス,3890
6095,メドピア,630
6096,レアジョブ,1510
6097,日本ビューホテル,1367
6098,リクルートホールディングス,2458
6099,エラン,3315
6101,ツガミ,987
6103,オークマ,1106
6104,東芝機械,598
6111,旭精機工業,255
6112,小島鉄工所,120
6113,アマダホールディングス,1229
6118,アイダエンジニアリング,1267
6121,滝澤鉄工所,194
6125,岡本工作機械製作所,317
6131,浜井産業,90
6134,富士機械製造,2030
6135,牧野フライス製作所,961
6136,オーエスジー,2441
6137,小池酸素工業,294
6138,ダイジェット工業,190
6140,旭ダイヤモンド工業,999
6141,DMG森精機,1896
6142,富士精工,279
6143,ソディック,1371
6144,西部電機,841
6145,日特エンジニアリング,4490
6146,ディスコ,22170
6147,ヤマザキ,408
6149,小田原エンジニアリング,4170
6150,タケダ機械,299
6151,日東工器,2734
6155,高松機械工業,1010
6156,エーワン精密,2146
6157,日進工具,2017
6158,和井田製作所,580
6159,ミクロン精密,1286
6161,エスティック,3000
6164,太陽工機,2194
6165,パンチ工業,1907
6166,中村超硬,4565
6167,冨士ダイス,756
6171,土木管理総合試験所,1795
6172,メタップス,3165
6173,アクアライン,2239
6175,ネットマーケティング,1443
6176,ブランジスタ,1419
6177,AppBank,568
6178,日本郵政,1402
6180,GMOメディア,2755
6181,パートナーエージェント,386
6182,ロゼッタ,1474
6183,ベルシステム24ホールディングス,1125
6184,鎌倉新書,1536
6185,ソネット・メディア・ネットワークス,2947
6186,一蔵,1118
6187,LITALICO,1561
6188,富士ソフトサービスビューロ,1399
6189,グローバルグループ,1743
6190,フェニックスバイオ,1432
6191,エボラブルアジア,2422
6192,ハイアス・アンド・カンパニー,887
6193,バーチャレクス・コンサルティング,762
6194,アトラエ,7510
6195,ホープ,1251
6196,ストライク,4290
6197,ソラスト,1990
6198,キャリア,4000
6199,セラク,767
6200,インソース,1794
6201,豊田自動織機,6130
6203,豊和工業,929
6205,OKK,131
6208,石川製作所,2270
6210,東洋機械金属,854
6217,津田駒工業,199
6218,エンシュウ,138
6222,島精機製作所,5330
6236,NCホールディングス,821
6237,イワキ,2868
6238,フリュー,1088
6239,ナガオカ,926
6240,ヤマシンフィルタ,4100
6245,ヒラノテクシード,1987
6246,テクノスマート,1885
6247,日阪製作所,969
6248,横田製作所,1039
6249,ゲームカード・ジョイコホールディングス,1322
6250,やまびこ,1406
6254,野村マイクロ・サイエンス,819
6255,エヌ・ピー・シー,223
6256,ニューフレアテクノロジー,6170
6257,藤商事,1201
6258,平田機工,10860
6262,ペガサスミシン製造,759
6264,マルマエ,1147
6265,妙徳,389
6266,タツモ,1888
6267,ゼネラルパッカー,1948
6268,ナブテスコ,4185
6269,三井海洋開発,2568
6271,ニッセイ,1088
6272,レオン自動機,1383
6273,SMC,39480
6274,新川,754
6276,ナビタス,351
6277,ホソカワミクロン,5950
6278,ユニオンツール,3550
6279,瑞光,3740
6281,前田製作所,435
6282,オイレス工業,2023
6284,日精エー・エス・ビー機械,4710
6286,靜甲,704
6287,サトーホールディングス,2543
6289,技研製作所,3015
6291,日本エアーテック,801
6292,カワタ,815
6293,日精樹脂工業,1420
6294,オカダアイヨン,1736
6295,富士変速機,300
6297,鉱研工業,684
6298,ワイエイシイホールディングス,1180
6299,神鋼環境ソリューション,415
6300,アピックヤマダ,579
6301,小松製作所,3097
6302,住友重機械工業,876
6303,ササクラ,471
6305,日立建機,3175
6306,日工,2213
6307,サンセイ,289
6309,巴工業,1902
6310,井関農機,2395
6312,フロイント産業,1543
6314,石井工作研究所,412
6315,TOWA,1765
6316,丸山製作所,1797
6317,北川鉄工所,2618
6319,シンニッタン,734
6322,タクミナ,1780
6323,ローツェ,2390
6324,ハーモニック・ドライブ・システムズ,5650
6325,タカキタ,580
6326,クボタ,1982
6327,北川精機,474
6328,荏原実業,1569
6330,東洋エンジニアリング,288
6331,三菱化工機,260
6332,月島機械,1439
6333,帝国電機製作所,1177
6334,明治機械,503
6335,東京機械製作所,71
6336,石井表記,1280
6337,テセック,1672
6338,タカトリ,825
6339,新東工業,1224
6340,澁谷工業,3630
6342,太平製作所,238
6343,フリージア・マクロス,25
6345,アイチコーポレーション,743
6346,キクカワエンタープライズ,323
6347,プラコー,121
6349,小森コーポレーション,1391
6351,鶴見製作所,2001
6355,住友精密工業,347
6356,日本ギア工業,510
6357,三精テクノロジーズ,915
6358,酒井重工業,355
6360,東京自働機械製作所,162
6361,荏原製作所,3610
6362,石井鐵工所,1668
6363,酉島製作所,1172
6364,北越工業,1036
6365,電業社機械製作所,1914
6366,千代田化工建設,601
6367,ダイキン工業,11150
6368,オルガノ,592
6369,トーヨーカネツ,392
6370,栗田工業,3240
6371,椿本チエイン,879
6373,大同工業,323
6376,日機装,1015
6378,木村化工機,454
6379,新興プランテック,977
6380,オリエンタルチエン工業,120
6381,アネスト岩田,1041
6382,トリニティ工業,937
6383,ダイフク,5630
6384,昭和真空,1550
6387,サムコ,945
6390,加藤製作所,3280
6391,加地テック,308
6392,ヤマダコーポレーション,463
6393,油研工業,255
6395,タダノ,1311
6396,宇野澤組鐵工所,256
6400,不二精機,216
6402,兼松エンジニアリング,1225
6403,水道機工,354
6405,鈴茂器工,2586
6406,フジテック,1591
6407,CKD,2138
6408,小倉クラッチ,392
6409,キトー,1283
6411,中野冷機,3575
6412,平和,2158
6413,理想科学工業,2023
6414,川重冷熱工業,842
6416,桂川電機,144
6417,SANKYO,3530
6418,日本金銭機械,1150
6419,マースエンジニアリング,2305
6420,福島工業,4170
6424,高見沢サイバネティックス,465
6425,ユニバーサルエンターテインメント,2941
6428,オーイズミ,557
6430,ダイコク電機,1681
6432,竹内製作所,2250
6433,ヒーハイスト精工,540
6436,アマノ,2702
6439,中日本鋳工,102
6440,JUKI,1536
6444,サンデンホールディングス,413
6445,蛇の目ミシン工業,761
6448,ブラザー工業,2609
6454,マックス,1531
6455,モリタホールディングス,1734
6457,グローリー,3940
6458,新晃工業,1852
6459,大和冷機工業,1229
6460,セガサミーホールディングス,1501
6461,日本ピストンリング,2326
6462,リケン,5410
6463,TPR,3525
6464,ツバキ・ナカシマ,2450
6465,ホシザキ,10140
6466,東亜バルブエンジニアリング,1249
6467,ニチダイ,551
6469,放電精密加工研究所,1067
6470,大豊工業,1655
6471,日本精工,1415
6472,NTN,463
6473,ジェイテクト,1509
6474,不二越,613
6478,ダイベア,404
6479,ミネベアミツミ,1858
6480,日本トムソン,625
6481,THK,3825
6482,ユーシン精機,3055
6484,KVK,788
6485,前澤給装工業,1831
6486,イーグル工業,1963
6488,ヨシタケ,1020
6489,前澤工業,437
6490,日本ピラー工業,1648
6492,岡野バルブ製造,2900
6493,日鍛バルブ,398
6494,NFKホールディングス,76
6495,宮入バルブ製作所,119
6496,中北製作所,640
6497,ハマイ,1081
6498,キッツ,877
6501,日立製作所,782.6
6502,東芝,317
6503,三菱電機,1722.5
6504,富士電機,619
6505,東洋電機製造,2350
6506,安川電機,3500
6507,シンフォニアテクノロジー,495
6508,明電舎,397
6513,オリジン電気,368
6516,山洋電気,1324
6517,デンヨー,2010
6518,三相電機,596
6531,リファインバース,2481
6532,ベイカレント・コンサルティング,1966
6533,Orchestraホールディングス,2572
6534,D.A.コンソーシアムホールディングス,1875
6535,アイモバイル,1046
6537,WASHハウス,2490
6538,キャリアインデックス,3120
6539,MS-Japan,3565
6540,船場,1234
6541,グレイステクノロジー,4610
6542,FCホールディングス,832
6543,日宣,2250
6544,ジャパンエレベーターサービスホールディングス,2222
6545,インターネットインフィニティー,8670
6546,フルテック,1082
6547,グリーンズ,1256
6548,旅工房,2380
6549,ディーエムソリューションズ,5490
6550,Fringe81,4140
6551,ツナグ・ソリューションズ,4715
6552,GameWith,2889
6553,ソウルドアウト,2330
6554,エスユーエス,4110
6584,三櫻工業,894
6586,マキタ,4545
6588,東芝テック,622
6590,芝浦メカトロニクス,336
6591,西芝電機,181
6592,マブチモーター,5410
6594,日本電産,13425
6615,ユー・エム・シー・エレクトロニクス,2140
6616,トレックス・セミコンダクター,1688
6617,東光高岳,1975
6618,大泉製作所,1300
6619,ダブル・スコープ,2423
6620,宮越ホールディングス,530
6622,ダイヘン,978
6623,愛知電機,3435
6624,田淵電機,288
6625,JALCOホールディングス,108
6626,SEMITEC,5030
6627,テラプローブ,1229
6628,オンキヨー,212
6629,テクノホライゾン・ホールディングス,255
6630,ヤーマン,12940
6632,JVCケンウッド,318
6633,C＆Gシステムズ,403
6634,ネクスグループ,408
6635,大日光・エンジニアリング,780
6636,ソルガム・ジャパン・ホールディングス,223
6637,寺崎電気産業,1502
6638,ミマキエンジニアリング,829
6639,コンテック,1475
6640,第一精工,2554
6641,日新電機,1375
6643,戸上電機製作所,461
6644,大崎電気工業,835
6645,オムロン,5850
6647,森尾電機,260
6648,かわでん,2304
6651,日東工業,2045
6652,IDEC,2387
6653,正興電機製作所,695
6654,不二電機工業,1350
6655,東洋電機,995
6656,インスペック,1346
6658,シライ電子工業,307
6659,メディアリンクス,505
6662,ユビテック,451
6663,太洋工業,621
6664,オプトエレクトロニクス,844
6666,リバーエレテック,490
6668,アドテックプラズマテクノロジー,1630
6669,シーシーエス,2986
6670,MCJ,1244
6674,ジーエス・ユアサコーポレーション,574
6675,サクサホールディングス,208
6676,メルコホールディングス,3680
6677,エスケーエレクトロニクス,1126
6678,テクノメディカ,1940
6694,ズーム,1731
6696,トランザス,2580
6701,日本電気,296
6702,富士通,819.3
6703,沖電気工業,1464
6704,岩崎通信機,88
6706,電気興業,578
6707,サンケン電気,574
6709,明星電気,107
6715,ナカヨ,379
6716,テクニカル電子,229
6718,アイホン,1793
6719,富士通コンポーネント,1060
6721,ウインテスト,165
6722,エイアンドティー,902
6723,ルネサスエレクトロニクス,1229
6724,セイコーエプソン,2804
6727,ワコム,523
6728,アルバック,6350
6730,アクセル,747
6731,ピクセラ,209
6734,ニューテック,848
6736,サン電子,722
6737,EIZO,4555
6740,ジャパンディスプレイ,191
6741,日本信号,1213
6742,京三製作所,554
6743,大同信号,525
6744,能美防災,1683
6745,ホーチキ,2104
6747,KIホールディングス,267
6748,星和電機,419
6750,エレコム,2225
6751,日本無線,1690
6752,パナソニック,1611.5
6753,シャープ,341
6754,アンリツ,855
6755,富士通ゼネラル,2276
6756,日立国際電気,2920
6757,OSGコーポレーション,841
6758,ソニー,4241
6762,TDK,7380
6763,帝国通信工業,226
6768,タムラ製作所,630
6769,ザインエレクトロニクス,1176
6770,アルプス電気,3000
6771,池上通信機,156
6772,東京コスモス電機,281
6773,パイオニア,205
6775,TBグループ,59
6776,天昇電気工業,267
6777,santec,1386
6778,アルチザネットワークス,850
6779,日本電波工業,845
6785,鈴木,995
6786,RVH,579
6787,メイコー,2269
6788,日本トリム,4640
6789,ローランドディー.ジー.,2750
6794,フォスター電機,2368
6796,クラリオン,437
6797,名古屋電機工業,472
6798,SMK,479
6800,ヨコオ,1423
6803,ティアック,45
6804,ホシデン,1719
6806,ヒロセ電機,15810
6807,日本航空電子工業,1789
6809,TOA,1172
6810,日立マクセル,2536
6814,古野電気,694
6815,ユニデンホールディングス,279
6816,アルパイン,2067
6817,スミダコーポレーション,2057
6819,伊豆シャボテンリゾート,102
6820,アイコム,2684
6822,大井電気,289
6823,リオン,2202
6824,新コスモス電機,1465
6826,本多通信工業,1815
6832,アオイ電子,5030
6834,精工技研,1935
6835,アライドテレシスホールディングス,60
6836,ぷらっとホーム,2846
6837,京写,501
6838,多摩川ホールディングス,112
6839,船井電機,859
6840,AKIBAホールディングス,329
6841,横河電機,1867
6844,新電元工業,694
6845,アズビル,4875
6846,中央製作所,1449
6848,東亜ディーケーケー,684
6849,日本光電工業,2509
6850,チノー,1292
6852,テクノ・セブン,207
6853,共和電業,425
6855,日本電子材料,631
6856,堀場製作所,6250
6857,アドバンテスト,2039
6858,小野測器,734
6859,エスペック,2237
6861,キーエンス,59530
6862,ミナトホールディングス,107
6863,ニレコ,878
6864,エヌエフ回路設計ブロック,1477
6866,日置電機,2288
6867,リーダー電子,395
6869,シスメックス,6970
6870,日本フェンオール,1562
6871,日本マイクロニクス,1003
6874,協立電機,2245
6875,メガチップス,3745
6877,OBARA　GROUP,5900
6879,イマジカ・ロボットホールディングス,817
6881,キョウデン,505
6882,三社電機製作所,797
6888,アクモス,303
6889,オーデリック,5200
6890,フェローテックホールディングス,1820
6894,パルステック工業,201
6895,ダイヤモンド電機,633
6896,北川工業,1268
6897,ツインバード工業,751
6898,トミタ電機,2177
6899,ASTI,985
6901,澤藤電機,567
6902,デンソー,5372
6904,原田工業,829
6905,コーセル,1484
6907,ジオマテック,1017
6908,イリソ電子工業,6170
6911,新日本無線,830
6912,菊水電子工業,1210
6914,オプテックスグループ,4280
6915,千代田インテグレ,2468
6916,アイ・オー・データ機器,1151
6918,アバールデータ,1888
6919,ケル,1196
6920,レーザーテック,2299
6923,スタンレー電気,3765
6924,岩崎電気,197
6925,ウシオ電機,1487
6926,岡谷電機産業,484
6927,ヘリオステクノホールディング,713
6928,エノモト,7650
6929,日本セラミック,3020
6930,日本アンテナ,621
6932,遠藤照明,1371
6937,古河電池,1148
6938,双信電機,379
6941,山一電機,1992
6942,ソフィアホールディングス,204
6943,NKKスイッチズ,518
6944,アイレックス,250
6945,富士通フロンテック,2133
6946,日本アビオニクス,294
6947,図研,1665
6951,日本電子,532
6952,カシオ計算機,1562
6954,ファナック,22080
6955,FDK,241
6957,芝浦電子,4415
6958,日本シイエムケイ,1087
6960,フクダ電子,8200
6961,エンプラス,4620
6962,大真空,1861
6963,ローム,9190
6964,サンコー,460
6965,浜松ホトニクス,3520
6966,三井ハイテック,2560
6967,新光電気工業,757
6969,松尾電機,97
6971,京セラ,6880
6972,エルナー,103
6973,協栄産業,258
6976,太陽誘電,1716
6977,日本抵抗器製作所,1197
6981,村田製作所,16750
6982,リード,137
6985,ユーシン,811
6986,双葉電子工業,2131
6988,日東電工,9398
6989,北陸電気工業,156
6993,大黒屋ホールディングス,82
6994,指月電機製作所,844
6995,東海理化電機製作所,2115
6996,ニチコン,1324
6997,日本ケミコン,387
6998,日本タングステン,273
6999,KOA,2050
7003,三井造船,138
7004,日立造船,569
7011,三菱重工業,431.9
7012,川崎重工業,357
7013,IHI,381
7014,名村造船所,633
7018,内海造船,194
7021,ニッチツ,216
7022,サノヤスホールディングス,287
7102,日本車輌製造,294
7105,ニチユ三菱フォークリフト,768
7122,近畿車輛,2548
7148,FPG,1277
7150,島根銀行,1311
7157,ライフネット生命保険,369
7161,じもとホールディングス,200
7162,アストマックス,402
7164,全国保証,4415
7167,めぶきフィナンシャルグループ,398
7169,ニュートン・フィナンシャル・コンサルティング,1997
7172,ジャパンインベストメントアドバイザー,2797
7173,東京TYフィナンシャルグループ,2575
7175,今村証券,1161
7177,GMOクリックホールディングス,699
7180,九州フィナンシャルグループ,641
7181,かんぽ生命保険,2315
7182,ゆうちょ銀行,1370
7183,あんしん保証,467
7184,富山第一銀行,510
7185,ヒロセ通商,2222
7186,コンコルディア・フィナンシャルグループ,542.3
7187,ジェイリース,1641
7189,西日本フィナンシャルホールディングス,1141
7190,マーキュリアインベストメント,1452
7191,イントラスト,1021
7192,日本モーゲージサービス,1974
7201,日産自動車,1129
7202,いすゞ自動車,1469
7203,トヨタ自動車,6480
7205,日野自動車,1337
7208,カネミツ,1330
7211,三菱自動車工業,846
7212,エフテック,1789
7213,レシップホールディングス,950
7214,GMB,1368
7215,ファルテック,1366
7217,テイン,517
7218,田中精密工業,790
7219,エッチ・ケー・エス,875
7220,武蔵精密工業,3240
7222,日産車体,1235
7224,新明和工業,1006
7226,極東開発工業,1772
7227,アスカ,925
7228,デイトナ,1010
7229,ユタカ技研,2498
7230,日信工業,1989
7231,トピー工業,3665
7235,東京ラヂエーター製造,1050
7236,ティラド,453
7238,曙ブレーキ工業,350
7239,タチエス,1991
7240,NOK,2536
7241,フタバ産業,1259
7242,KYB,629
7244,市光工業,713
7245,大同メタル工業,995
7246,プレス工業,605
7247,ミクニ,513
7249,尾張精機,307
7250,太平洋工業,1409
7251,ケーヒン,1838
7254,ユニバンス,315
7255,桜井製作所,587
7256,河西工業,1655
7259,アイシン精機,5510
7260,富士機工,737
7261,マツダ,1623.5
7264,ムロコーポレーション,1686
7265,エイケン工業,776
7266,今仙電機製作所,1263
7267,本田技研工業,3245
7268,タツミ,413
7269,スズキ,5936
7270,SUBARU,3866
7271,安永,3140
7272,ヤマハ発動機,3225
7273,イクヨ,159
7274,ショーワ,1294
7276,小糸製作所,7150
7277,TBK,495
7278,エクセディ,3255
7279,ハイレックスコーポレーション,2771
7280,ミツバ,1629
7282,豊田合成,2618
7283,愛三工業,1009
7284,盟和産業,1274
7287,日本精機,2364
7291,日本プラスト,1228
7292,村上開明堂,2772
7294,ヨロズ,2294
7296,エフ・シー・シー,2481
7297,カーメイト,652
7298,八千代工業,1300
7299,フジオーゼックス,501
7305,新家工業,212
7308,ツノダ,4250
7309,シマノ,14630
7313,テイ・エステック,3500
7314,小田原機器,605
7315,IJTテクノロジーホールディングス,880
7399,ナンシン,608
7404,昭和飛行機工業,1242
7408,ジャムコ,2524
7412,アトム,855
7413,創健社,198
7414,小野建,1874
7416,はるやまホールディングス,981
7417,南陽,1855
7419,ノジマ,2073
7420,佐鳥電機,960
7421,カッパ・クリエイト,1292
7422,東邦レマック,488
7425,初穂商事,3700
7426,山大,302
7427,エコートレーディング,675
7433,伯東,1642
7434,オータケ,1672
7435,ナ・デックス,982
7438,コンドーテック,1094
7441,Misumi,1895
7442,中山福,772
7443,横浜魚類,556
7444,ハリマ共和物産,1985
7445,ライトオン,934
7446,東北化学薬品,650
7447,ナガイレーベン,2978
7448,ジーンズメイト,659
7450,サンデー,1695
7451,三菱食品,3165
7453,良品計画,33400
7455,三城ホールディングス,476
7456,松田産業,1622
7458,第一興商,5320
7459,メディパルホールディングス,1928
7460,ヤギ,1839
7461,キムラ,494
7462,ダイヤ通商,835
7463,アドヴァン,947
7464,セフテック,516
7465,マックスバリュ北海道,3225
7466,SPK,2937
7467,萩原電気,2730
7472,鳥羽洋行,2280
7475,アルビス,4250
7476,アズワン,6290
7477,ムラキ,113
7480,スズデン,1315
7481,尾家産業,1298
7482,シモジマ,1113
7483,ドウシシャ,2417
7485,岡谷鋼機,9390
7486,サンリン,630
7487,小津産業,2127
7488,ヤガミ,1218
7490,日新商事,838
7494,コナカ,552
7500,西川計測,2413
7501,ティムコ,533
7502,プラザクリエイト,362
7504,高速,1189
7505,扶桑電通,2700
7506,ハウスオブローゼ,1560
7508,G-7ホールディングス,2201
7509,アイエーグループ,703
7510,たけびし,1465
7512,イオン北海道,619
7513,コジマ,394
7514,ヒマラヤ,920
7515,マルヨシセンター,395
7516,コーナン商事,2062
7517,黒田電気,1942
7518,ネットワンシステムズ,1173
7519,五洋インテックス,760
7520,エコス,1144
7521,ムサシ,1900
7522,ワタミ,1574
7523,アールビバン,645
7524,マルシェ,833
7525,リックス,1738
7527,システムソフト,156
7531,清和中央ホールディングス,6010
7532,ドンキホーテホールディングス,4205
7533,グリーンクロス,1990
7537,丸文,845
7538,大水,249
7539,アイナボホールディングス,1070
7544,スリーエフ,354
7545,西松屋チェーン,1234
7550,ゼンショーホールディングス,2058
7551,ウェッズ,689
7552,ハピネット,1692
7554,幸楽苑ホールディングス,1751
7555,大田花き,781
7559,ジーエフシー,1380
7561,ハークスレイ,1152
7562,安楽亭,4750
7564,ワークマン,3350
7565,萬世電機,849
7567,栄電子,394
7570,橋本総業ホールディングス,1639
7571,ヤマノホールディングス,115
7575,日本ライフライン,6080
7577,パスポート,502
7578,ニチリョク,232
7581,サイゼリヤ,3075
7585,かんなん丸,1850
7587,PALTEK,810
7590,タカショー,437
7591,エクセル,1828
7593,VTホールディングス,631
7594,マルカキカイ,1820
7595,アルゴグラフィックス,3380
7596,魚力,1194
7597,東京貴宝,293
7599,IDOM,664
7600,日本エム・ディ・エム,1061
7601,ポプラ,602
7602,カーチスホールディングス,241
7603,マックハウス,884
7604,梅の花,2865
7605,フジ・コーポレーション,2096
7606,ユナイテッドアローズ,4045
7607,進和,2216
7608,エスケイジャパン,286
7609,ダイトロン,1934
7610,テイツー,52
7611,ハイデイ日高,3400
7612,Nuts,207
7613,シークス,4700
7614,オーエムツーネットワーク,1314
7615,京都きもの友禅,933
7616,コロワイド,2085
7618,ピーシーデポコーポレーション,894
7619,田中商事,738
7621,うかい,3200
7623,サンオータス,337
7624,NaITO,190
7625,グローバルダイニング,256
7628,オーハシテクニカ,1530
7630,壱番屋,4730
7634,星医療酸器,4250
7635,杉田エース,1030
7636,ハンズマン,1548
7637,白銅,2012
7638,ニューアート,29
7640,トップカルチャー,498
7643,ダイイチ,1342
7646,PLANT,1315
7647,音通,35
7648,トーカン,2070
7649,スギホールディングス,5880
7701,島津製作所,2204
7702,JMS,337
7703,川澄化学工業,749
7705,ジーエルサイエンス,1661
7707,プレシジョン・システム・サイエンス,577
7709,クボテック,559
7711,助川電気工業,725
7713,シグマ光機,1374
7715,長野計器,1090
7716,ナカニシ,4850
7717,ブイ・テクノロジー,18810
7718,スター精密,1866
7719,東京衡機,38
7721,東京計器,306
7722,国際計測器,1182
7723,愛知時計電機,3980
7725,インターアクション,732
7726,黒田精工,578
7727,オーバル,278
7729,東京精密,3815
7730,マニー,2647
7731,ニコン,1865
7732,トプコン,2005
7733,オリンパス,3760
7734,理研計器,2181
7735,SCREENホールディングス,7390
7739,キヤノン電子,2238
7740,タムロン,2090
7741,HOYA,6170
7743,シード,4090
7744,ノーリツ鋼機,1442
7745,エー・アンド・デイ,515
7746,岡本硝子,222
7747,朝日インテック,5820
7748,ホロン,675
7749,メディキット,5200
7751,キヤノン,3799
7752,リコー,1074
7758,セコニックホールディングス,1288
7760,IMV,745
7762,シチズン時計,773
7768,ジェコー,478
7769,リズム時計工業,231
7771,日本精密,151
7774,ジャパン・ティッシュ・エンジニアリング,1146
7775,大研医器,778
7776,セルシード,482
7777,スリー・ディー・マトリックス,680
7779,CYBERDYNE,1430
7780,メニコン,4415
7781,平山ホールディングス,1819
7782,シンシア,840
7810,クロスフォー,1013
7811,中本パックス,3205
7812,クレステック,1400
7813,プラッツ,2923
7814,日本創発グループ,799
7815,東京ボード工業,1320
7816,スノーピーク,2763
7817,パラマウントベッドホールディングス,4865
7818,トランザクション,1003
7819,SHO-BI,536
7820,ニホンフラッシュ,1597
7821,前田工繊,1830
7822,永大産業,538
7823,アートネイチャー,709
7825,ダンロップスポーツ,1519
7826,フルヤ金属,3650
7827,オービス,1153
7829,サマンサタバサジャパンリミテッド,457
7831,ウイルコホールディングス,217
7832,バンダイナムコホールディングス,3650
7833,アイフィスジャパン,516
7834,マルマン,213
7836,アビックス,145
7837,アールシーコア,1150
7838,共立印刷,343
7839,SHOEI,3340
7840,フランスベッドホールディングス,1038
7841,遠藤製作所,630
7844,マーベラス,945
7846,パイロットコーポレーション,5040
7847,グラファイトデザイン,580
7849,スターツ出版,2156
7850,総合商研,809
7851,カワセコンピュータサプライ,320
7855,カーディナル,788
7856,萩原工業,3560
7857,セキ,1455
7859,アルメディオ,216
7860,エイベックス・グループ・ホールディングス,1447
7862,トッパン・フォームズ,1159
7863,平賀,477
7864,フジシールインターナショナル,3395
7865,ピープル,1775
7867,タカラトミー,1472
7868,廣済堂,352
7869,日本フォームサービス,293
7870,福島印刷,421
7871,フクビ化学工業,703
7872,As-meエステール,709
7873,アーク,107
7874,レック,2972
7875,竹田印刷,634
7877,永大化工,345
7878,光・彩,2540
7879,ノダ,1046
7883,サンメッセ,463
7885,タカノ,1160
7886,ヤマト・インダストリー,137
7887,南海プライウッド,604
7888,三光合成,410
7889,桑山,600
7891,日本ユピカ,584
7893,プロネクサス,1295
7894,丸東産業,3120
7895,中央化学,432
7896,セブン工業,256
7897,ホクシン,200
7898,ウッドワン,361
7899,MICS化学,367
7901,マツモト,298
7902,ソノコム,1066
7903,名古屋木材,1611
7905,大建工業,2687
7906,ヨネックス,843
7908,きもと,240
7911,凸版印刷,1090
7912,大日本印刷,1310
7913,図書印刷,530
7914,共同印刷,375
7915,日本写真印刷,2912
7916,光村印刷,241
7917,藤森工業,3795
7918,ヴィア・ホールディングス,865
7919,野崎印刷紙業,166
7921,宝印刷,1636
7922,三光産業,420
7923,トーイン,584
7925,前澤化成工業,1229
7927,ムトー精工,1270
7928,旭化学工業,430
7931,未来工業,1690
7932,ニッピ,805
7936,アシックス,1653
7937,ツツミ,1876
7938,リーガルコーポレーション,288
7939,研創,405
7940,ウェーブロックホールディングス,1410
7942,JSP,3375
7943,ニチハ,4040
7945,コマニー,1556
7946,光陽社,161
7947,エフピコ,5560
7949,小松ウオール工業,1972
7950,日本デコラックス,771
7951,ヤマハ,3855
7952,河合楽器製作所,2222
7953,菊水化学工業,499
7955,クリナップ,903
7956,ピジョン,3995
7957,フジコピアン,1740
7958,天馬,2250
7959,オリバー,1626
7961,兼松サステック,239
7962,キングジム,1008
7963,興研,1888
7965,象印マホービン,1060
7966,リンテック,3030
7970,信越ポリマー,1017
7971,東リ,398
7972,イトーキ,858
7974,任天堂,38250
7975,リヒトラブ,2062
7976,三菱鉛筆,2813
7979,松風,1297
7980,重松製作所,786
7981,タカラスタンダード,1972
7983,ミロク,580
7984,コクヨ,1823
7985,ネポン,213
7986,日本アイ・エス・ケイ,180
7987,ナカバヤシ,330
7988,ニフコ,6760
7989,立川ブラインド工業,1108
7990,グローブライド,1934
7991,マミヤ・オーピー,1185
7992,セーラー万年筆,236
7994,岡村製作所,1238
7995,日本バルカー工業,2867
7997,くろがね工作所,1492
7999,MUTOHホールディングス,250
8001,伊藤忠商事,1797
8002,丸紅,737.9
8005,スクロール,389
8006,ユアサ・フナショク,322
8007,高島,233
8008,ヨンドシーホールディングス,3195
8011,三陽商会,1629
8012,長瀬産業,1820
8013,ナイガイ,595
8014,蝶理,1977
8015,豊田通商,3575
8016,オンワードホールディングス,821
8018,三共生興,420
8020,兼松,271
8022,美津濃,651
8023,大興電子通信,652
8025,ツカモトコーポレーション,124
8028,ユニー・ファミリーマートホールディングス,5590
8029,ルック,362
8030,中央魚類,281
8031,三井物産,1659.5
8032,日本紙パルプ商事,477
8035,東京エレクトロン,16645
8036,日立ハイテクノロジーズ,3975
8037,カメイ,1711
8038,東都水産,1934
8039,築地魚市場,1256
8040,東京ソワール,195
8041,OUGホールディングス,287
8043,スターゼン,5230
8044,大都魚類,126
8045,横浜丸魚,595
8046,丸藤シートパイル,328
8050,セイコーホールディングス,491
8051,山善,1163
8052,椿本興業,577
8053,住友商事,1585.5
8056,日本ユニシス,1694
8057,内田洋行,3480
8058,三菱商事,2596
8059,第一実業,597
8060,キヤノンマーケティングジャパン,2555
8061,西華産業,593
8065,佐藤商事,1114
8066,三谷商事,4300
8068,菱洋エレクトロ,1989
8070,東京産業,488
8071,東海エレクトロニクス,3155
8072,日本出版貿易,156
8074,ユアサ商事,3975
8075,神鋼商事,3880
8076,カノークス,1015
8077,小林産業,354
8078,阪和興業,760
8079,正栄食品工業,4590
8081,カナデン,1156
8084,菱電商事,794
8085,ナラサキ産業,330
8086,ニプロ,1462
8087,フルサト工業,1744
8088,岩谷産業,659
8089,すてきナイスグループ,152
8090,昭光通商,105
8091,ニチモウ,202
8093,極東貿易,326
8095,イワキ,481
8096,兼松エレクトロニクス,3325
8097,三愛石油,1208
8098,稲畑産業,1445
8101,GSIクレオス,223
8103,明和産業,425
8104,クワザワ,620
8105,堀田丸正,387
8107,キムラタン,7
8108,ヤマエ久野,1275
8111,ゴールドウイン,7610
8113,ユニ・チャーム,2571
8114,デサント,1442
8115,ムーンバット,914
8117,中央自動車工業,1749
8118,キング,485
8119,三栄コーポレーション,3875
8123,川辺,198
8125,ワキタ,1338
8127,ヤマトインターナショナル,476
8129,東邦ホールディングス,2089
8130,サンゲツ,1990
8131,ミツウロコグループホールディングス,864
8132,シナネンホールディングス,2226
8133,伊藤忠エネクス,1142
8135,ゼット,194
8136,サンリオ,2122
8137,サンワテクノス,1819
8138,三京化成,272
8139,ナガホリ,230
8140,リョーサン,4695
8141,新光商事,1943
8142,トーホー,2637
8143,ラピーヌ,801
8144,電響社,1396
8145,中部水産,265
8147,トミタ,1006
8148,上原成商事,861
8150,三信電気,1661
8151,東陽テクニカ,1023
8152,ソマール,286
8153,モスフードサービス,3535
8154,加賀電子,3130
8155,三益半導体工業,1762
8157,都築電気,858
8158,ソーダニッカ,574
8159,立花エレテック,1696
8160,木曽路,2759
8163,サトレストランシステムズ,935
8165,千趣会,676
8166,タカキュー,225
8167,リテールパートナーズ,1224
8168,ケーヨー,779
8171,マックスバリュ中部,1275
8173,上新電機,1830
8174,日本瓦斯,3480
8179,ロイヤルホールディングス,2791
8181,東天紅,2466
8182,いなげや,1958
8184,島忠,2788
8185,チヨダ,2765
8186,大塚家具,839
8190,ヤマナカ,873
8191,光製作所,917
8194,ライフコーポレーション,2799
8198,マックスバリュ東海,2110
8200,リンガーハット,2558
8201,さが美,119
8202,ラオックス,480
8203,ミスターマックス・ホールディングス,532
8205,シャクリー・グローバル・グループ,875
8207,テンアライド,423
8208,エンチョー,435
8209,フレンドリー,218
8214,AOKIホールディングス,1409
8215,銀座山形屋,1716
8217,オークワ,1199
8218,コメリ,3210
8219,青山商事,3960
8225,タカチホ,178
8226,理経,217
8227,しまむら,13520
8228,マルイチ産商,1244
8230,はせがわ,496
8233,高島屋,1006
8237,松屋,1041
8242,エイチ・ツー・オーリテイリング,1886
8244,近鉄百貨店,3700
8247,大和,581
8249,テクノアソシエ,1284
8251,パルコ,1327
8252,丸井グループ,1601
8253,クレディセゾン,1997
8254,さいか屋,528
8255,アクシアルリテイリング,4455
8256,プロルート丸光,211
8257,山陽百貨店,1371
8260,井筒屋,461
8267,イオン,1616.5
8273,イズミ,5890
8274,東武ストア,3085
8275,フォーバル,704
8276,平和堂,2495
8278,フジ,2791
8279,ヤオコー,5320
8281,ゼビオホールディングス,2112
8282,ケーズホールディングス,2404
8283,PALTAC,4250
8285,三谷産業,399
8287,マックスバリュ西日本,1676
8289,Olympicグループ,576
8291,日産東京販売ホールディングス,391
8293,ATグループ,2725
8298,ファミリー,404
8301,日本銀行（優先出資証券）,37700
8303,新生銀行,171
8304,あおぞら銀行,422
8306,三菱UFJフィナンシャル・グループ,681.6
8308,りそなホールディングス,542.7
8309,三井住友トラスト・ホールディングス,3880
8316,三井住友フィナンシャルグループ,4161
8324,第四銀行,511
8325,北越銀行,2469
8331,千葉銀行,739
8334,群馬銀行,642
8336,武蔵野銀行,3085
8337,千葉興業銀行,556
8338,筑波銀行,361
8341,七十七銀行,514
8342,青森銀行,425
8343,秋田銀行,342
8344,山形銀行,520
8345,岩手銀行,4330
8346,東邦銀行,394
8349,東北銀行,150
8350,みちのく銀行,190
8354,ふくおかフィナンシャルグループ,481
8355,静岡銀行,964
8356,十六銀行,339
8358,スルガ銀行,2323
8359,八十二銀行,653
8360,山梨中央銀行,448
8361,大垣共立銀行,295
8362,福井銀行,285
8363,北國銀行,459
8364,清水銀行,3330
8365,富山銀行,3790
8366,滋賀銀行,580
8367,南都銀行,3035
8368,百五銀行,461
8369,京都銀行,1044
8370,紀陽銀行,1725
8374,三重銀行,2585
8377,ほくほくフィナンシャルグループ,1654
8379,広島銀行,428
8381,山陰合同銀行,893
8382,中国銀行,1437
8383,鳥取銀行,1692
8385,伊予銀行,817
8386,百十四銀行,368
8387,四国銀行,325
8388,阿波銀行,686
8392,大分銀行,446
8393,宮崎銀行,380
8395,佐賀銀行,264
8396,十八銀行,263
8397,沖縄銀行,4420
8398,筑邦銀行,219
8399,琉球銀行,1626
8410,セブン銀行,402
8411,みずほフィナンシャルグループ,191.2
8416,高知銀行,124
8418,山口フィナンシャルグループ,1258
8421,信金中央金庫（優先出資証券）,
8423,アクリーティブ,444
8424,芙蓉総合リース,6830
8425,興銀リース,2812
8439,東京センチュリー,4700
8462,フューチャーベンチャーキャピタル,1438
8473,SBIホールディングス,1554
8508,Jトラスト,896
8511,日本証券金融,569
8515,アイフル,390
8518,日本アジア投資,394
8519,ポケットカード,1063
8521,長野銀行,1928
8522,名古屋銀行,4215
8524,北洋銀行,327
8527,愛知銀行,6440
8529,第三銀行,1785
8530,中京銀行,2324
8537,大光銀行,235
8540,福岡中央銀行,363
8541,愛媛銀行,1426
8542,トマト銀行,1496
8543,みなと銀行,1811
8544,京葉銀行,478
8545,関西アーバン銀行,1301
8550,栃木銀行,451
8551,北日本銀行,3060
8554,南日本銀行,154
8558,東和銀行,113
8559,豊和銀行,78
8560,宮崎太陽銀行,172
8562,福島銀行,89
8563,大東銀行,170
8566,リコーリース,4020
8570,イオンフィナンシャルサービス,2308
8572,アコム,439
8584,ジャックス,540
8585,オリエントコーポレーション,184
8586,日立キャピタル,2554
8589,アプラスフィナンシャル,107
8591,オリックス,1765
8593,三菱UFJリース,557
8594,中道リース,350
8595,ジャフコ,5460
8596,九州リースサービス,788
8600,トモニホールディングス,465
8601,大和証券グループ本社,615.4
8604,野村ホールディングス,614.8
8609,岡三証券グループ,612
8613,丸三証券,934
8614,東洋証券,247
8616,東海東京フィナンシャル・ホールディングス,620
8617,光世証券,156
8622,水戸証券,319
8624,いちよし証券,1038
8628,松井証券,846
8630,SOMPOホールディングス,4327
8685,アメリカン・インターナショナル・グループ・インク,6750
8686,アフラック・インコーポレーテッド,9020
8692,だいこう証券ビジネス,661
8697,日本取引所グループ,1861
8698,マネックスグループ,285
8699,澤田ホールディングス,1008
8700,丸八証券,121
8703,カブドットコム証券,326
8704,トレイダーズホールディングス,178
8705,岡藤ホールディングス,180
8706,極東証券,1503
8707,岩井コスモホールディングス,1296
8708,藍澤證券,766
8709,インヴァスト証券,1265
8713,フィデアホールディングス,193
8714,池田泉州ホールディングス,411
8715,アニコムホールディングス,3280
8725,MS＆ADインシュアランスグループホールディングス,3591
8729,ソニーフィナンシャルホールディングス,1755
8732,マネーパートナーズグループ,459
8737,あかつき本社,463
8739,スパークス・グループ,202
8740,フジトミ,283
8742,小林洋行,276
8746,第一商品,227
8747,豊商事,357
8750,第一生命ホールディングス,1832.5
8766,東京海上ホールディングス,4415
8769,アドバンテッジリスクマネジメント,1169
8771,イー・ギャランティ,3075
8772,アサックス,1731
8783,GFA,846
8787,UCS,1509
8789,フィンテックグローバル,112
8793,NECキャピタルソリューション,2081
8795,T＆Dホールディングス,1521.5
8798,アドバンスクリエイト,1940
8801,三井不動産,2332.5
8802,三菱地所,1888
8803,平和不動産,1905
8804,東京建物,1357
8806,ダイビル,1145
8818,京阪神ビルディング,697
8830,住友不動産,3372
8835,太平洋興発,102
8836,RISE,37
8840,大京,216
8841,テーオーシー,1002
8842,東京楽天地,5530
8844,コスモスイニシア,411
8848,レオパレス21,802
8850,スターツコーポレーション,2794
8851,アーバンライフ,99
8854,日住サービス,2475
8860,フジ住宅,805
8864,空港施設,587
8869,明和地所,918
8871,ゴールドクレスト,2508
8876,リログループ,2680
8877,日本エスリード,2017
8881,日神不動産,697
8885,ラ・アトレ,647
8886,ウッドフレンズ,2588
8887,リベレステ,880
8889,アパマンショップホールディングス,777
8890,レーサム,946
8891,エムジーホーム,872
8892,日本エスコン,471
8893,新日本建物,230
8894,原弘産,26
8897,タカラレーベン,528
8898,センチュリー21・ジャパン,1371
8903,サンウッド,554
8904,サンヨーハウジング名古屋,1040
8905,イオンモール,2004
8908,毎日コムネット,776
8909,シノケングループ,2424
8912,エリアクエスト,148
8914,エリアリンク,2155
8917,ファースト住建,1665
8918,ランド,16
8920,東祥,5570
8922,日本アセットマーケティング,122
8923,トーセイ,916
8925,アルデプロ,120
8927,明豊エンタープライズ,337
8928,穴吹興産,2968
8929,青山財産ネットワークス,1330
8931,和田興産,831
8933,エヌ・ティ・ティ都市開発,1078
8934,サンフロンティア不動産,1131
8935,エフ・ジェー・ネクスト,954
8938,LCホールディングス,1377
8940,インテリックス,895
8944,ランドビジネス,302
8945,日本社宅サービス,781
8946,ASIANSTAR,150
8995,誠建設工業,725
8996,ハウスフリーダム,498
8999,グランディハウス,424
9001,東武鉄道,618
9003,相鉄ホールディングス,539
9005,東京急行電鉄,1575
9006,京浜急行電鉄,1141
9007,小田急電鉄,2106
9008,京王電鉄,920
9009,京成電鉄,3030
9010,富士急行,1184
9012,秩父鉄道,254
9014,新京成電鉄,415
9017,新潟交通,198
9020,東日本旅客鉄道,10090
9021,西日本旅客鉄道,7816
9022,東海旅客鉄道,19020
9024,西武ホールディングス,1823
9025,鴻池運輸,1630
9027,ロジネットジャパン,850
9028,ゼロ,1651
9029,ヒガシトゥエンティワン,385
9031,西日本鉄道,533
9033,広島電鉄,1086
9034,南総通運,1100
9035,第一交通産業,893
9036,東部ネットワーク,1095
9037,ハマキョウレックス,2954
9039,サカイ引越センター,5800
9040,大宝運輸,3850
9041,近鉄グループホールディングス,423
9042,阪急阪神ホールディングス,4175
9044,南海電気鉄道,555
9045,京阪ホールディングス,662
9046,神戸電鉄,412
9048,名古屋鉄道,492
9049,京福電気鉄道,290
9051,センコン物流,732
9052,山陽電気鉄道,584
9055,アルプス物流,880
9057,遠州トラック,1519
9058,トランコム,5870
9059,カンダホールディングス,970
9060,日本ロジテム,333
9062,日本通運,740
9063,岡山県貨物運送,290
9064,ヤマトホールディングス,2224.5
9065,山九,882
9066,日新,590
9067,丸運,308
9068,丸全昭和運輸,515
9069,センコーグループホールディングス,792
9070,トナミホールディングス,536
9072,ニッコンホールディングス,2615
9073,京極運輸商事,408
9074,日本石油輸送,2863
9075,福山通運,668
9076,セイノーホールディングス,1486
9077,名鉄運輸,490
9078,エスライン,1118
9081,神奈川中央交通,732
9082,大和自動車交通,517
9083,神姫バス,880
9085,北海道中央バス,560
9086,日立物流,2505
9087,タカセ,198
9090,丸和運輸機関,4655
9099,C＆Fロジホールディングス,1350
9101,日本郵船,224
9104,商船三井,339
9107,川崎汽船,290
9110,NSユナイテッド海運,236
9115,明治海運,394
9119,飯野海運,502
9127,玉井商船,101
9130,共栄タンカー,228
9133,東栄リーファーライン,415
9142,九州旅客鉄道,3275
9171,栗林商船,467
9173,東海汽船,2095
9176,佐渡汽船,246
9179,川崎近海汽船,343
9193,東京汽船,760
9201,日本航空,3761
9202,ANAホールディングス,419.8
9206,スターフライヤー,4200
9232,パスコ,344
9233,アジア航測,910
9301,三菱倉庫,1372
9302,三井倉庫ホールディングス,337
9303,住友倉庫,736
9304,澁澤倉庫,397
9305,ヤマタネ,1819
9306,東陽倉庫,307
9307,杉村倉庫,634
9308,乾汽船,740
9310,日本トランスシティ,481
9311,アサガミ,459
9312,ケイヒン,165
9313,丸八倉庫,833
9318,アジア開発キャピタル,15
9319,中央倉庫,1122
9322,川西倉庫,2226
9324,安田倉庫,821
9325,ファイズ,5590
9351,東洋埠頭,193
9353,櫻島埠頭,265
9355,リンコーコーポレーション,189
9357,名港海運,1130
9358,宇徳,506
9359,伊勢湾海運,651
9360,鈴与シンワート,189
9361,伏木海陸運送,1364
9362,兵機海運,171
9363,大運,47
9364,上組,1272
9365,トレーディア,155
9366,サンリツ,774
9367,大東港運,436
9368,キムラユニティー,1181
9369,キユーソー流通システム,2985
9370,郵船ロジスティクス,1001
9375,近鉄エクスプレス,1705
9376,ユーラシア旅行社,574
9377,エージーピー,834
9380,東海運,404
9381,エーアイテイー,1109
9384,内外トランスライン,1520
9385,ショーエイコーポレーション,503
9386,日本コンセプト,1199
9399,新華ホールディングス,
9401,東京放送ホールディングス,2122
9402,中部日本放送,813
9404,日本テレビホールディングス,1913
9405,朝日放送,859
9407,RKB毎日放送,5160
9408,新潟放送,874
9409,テレビ朝日ホールディングス,2135
9412,スカパーJSATホールディングス,504
9413,テレビ東京ホールディングス,2355
9414,日本BS放送,1265
9416,ビジョン,2477
9417,スマートバリュー,2223
9418,U-NEXT,1056
9419,ワイヤレスゲート,1346
9421,エヌジェイホールディングス,3880
9422,コネクシオ,1933
9423,フォーバル・リアルストレート,107
9424,日本通信,136
9425,日本テレホン,435
9428,クロップス,804
9432,日本電信電話,5127
9433,KDDI,2936
9435,光通信,13830
9436,沖縄セルラー電話,3840
9437,NTTドコモ,2539.5
9438,エムティーアイ,707
9439,エム・エイチ・グループ,264
9441,ベルパーク,3295
9444,トーシン,629
9445,フォーバルテレコム,399
9446,エスケーアイ,681
9449,GMOインターネット,1460
9466,アイドママーケティングコミュニケーション,646
9467,アルファポリス,1138
9468,カドカワ,1340
9470,学研ホールディングス,3210
9471,文溪堂,922
9474,ゼンリン,3410
9475,昭文社,746
9476,中央経済社ホールディングス,499
9478,SEホールディングス・アンド・インキュベーションズ,250
9479,インプレスホールディングス,151
9501,東京電力ホールディングス,451
9502,中部電力,1415.5
9503,関西電力,1519.5
9504,中国電力,1229
9505,北陸電力,1006
9506,東北電力,1493
9507,四国電力,1395
9508,九州電力,1226
9509,北海道電力,813
9511,沖縄電力,2468
9513,電源開発,2896
9514,エフオン,1359
9517,イーレックス,1023
9519,レノバ,1169
9531,東京瓦斯,555.1
9532,大阪瓦斯,420.6
9533,東邦瓦斯,681
9534,北海道瓦斯,278
9535,広島ガス,351
9536,西部瓦斯,274
9537,北陸瓦斯,2870
9539,京葉瓦斯,554
9543,静岡ガス,882
9551,メタウォーター,3040
9600,アイネット,1451
9601,松竹,15880
9602,東宝,3930
9603,エイチ・アイ・エス,3460
9605,東映,1291
9610,ウィルソン・ラーニングワールドワイド,351
9612,ラックランド,2052
9613,エヌ・ティ・ティ・データ,1183
9616,共立メンテナンス,3135
9619,イチネンホールディングス,1470
9621,建設技術研究所,1016
9622,スペース,1591
9624,長大,915
9625,セレスポ,1315
9627,アインホールディングス,7950
9628,燦ホールディングス,2480
9629,ピー・シー・エー,1563
9631,東急レクリエーション,842
9632,スバル興業,6370
9633,東京テアトル,154
9635,武蔵野興業,282
9636,きんえい,3275
9637,オーエス,3465
9639,三協フロンテア,1400
9640,セゾン情報システムズ,1604
9641,サコス,361
9643,中日本興業,10150
9644,タナベ経営,1414
9647,協和コンサルタンツ,2030
9651,日本プロセス,1294
9656,グリーンランドリゾート,420
9658,ビジネスブレイン太田昭和,1429
9661,歌舞伎座,5560
9663,ナガワ,4095
9664,御園座,689
9671,よみうりランド,488
9672,東京都競馬,3350
9674,花月園観光,99
9675,常磐興産,1812
9678,カナモト,3370
9679,ホウライ,2378
9681,東京ドーム,1001
9682,DTS,3090
9684,スクウェア・エニックス・ホールディングス,3895
9685,KYCOMホールディングス,314
9686,東洋テック,1132
9687,KSK,1435
9691,両毛システムズ,1183
9692,シーイーシー,2675
9695,鴨川グランドホテル,340
9696,ウィザス,395
9697,カプコン,2698
9698,クレオ,508
9699,西尾レントオール,3680
9701,東京會舘,3440
9702,アイ・エス・ビー,1276
9704,アゴーラ・ホスピタリティー・グループ,35
9706,日本空港ビルデング,3765
9707,ユニマットリタイアメント・コミュニティ,1270
9708,帝国ホテル,2100
9709,NCS＆A,409
9713,ロイヤルホテル,201
9715,トランス・コスモス,2463
9716,乃村工藝社,2497
9717,ジャステック,1338
9719,SCSK,4560
9720,ホテル、ニューグランド,2999
9722,藤田観光,3460
9723,京都ホテル,770
9726,KNT-CTホールディングス,217
9728,日本管財,2038
9729,トーカイ,4835
9731,白洋舎,3220
9733,ナガセ,4400
9734,精養軒,906
9735,セコム,8158
9739,日本システムウエア,2106
9740,セントラル警備保障,2068
9742,アイネス,996
9743,丹青社,1409
9744,メイテック,5340
9746,TKC,3255
9747,アサツーディ・ケイ,3040
9749,富士ソフト,3250
9753,アイエックス・ナレッジ,393
9755,応用地質,1619
9757,船井総研ホールディングス,3420
9758,ジャパンシステム,455
9759,NSD,2024
9760,進学会,538
9761,東海リース,214
9763,丸紅建材リース,223
9764,技研興業,500
9765,オオバ,511
9766,コナミホールディングス,5520
9767,日建工学,178
9768,いであ,1047
9769,学究社,1546
9776,札幌臨床検査センター,1451
9778,昴,4265
9780,ハリマビステム,460
9782,ディーエムエス,1300
9783,ベネッセホールディングス,3865
9787,イオンディライト,3940
9788,ナック,957
9790,福井コンピュータホールディングス,2793
9791,ビケンテクノ,783
9792,ニチイ学館,1184
9793,ダイセキ,2774
9795,ステップ,1483
9797,大日本コンサルタント,522
9799,旭情報サービス,1010
9810,日鉄住金物産,6060
9812,テーオーホールディングス,857
9816,ストライダーズ,63
9818,大丸エナウィン,803
9820,エムティジェネックス,224
9823,マミーマート,2305
9824,泉州電業,2289
9826,JEUGIA,161
9827,リリカラ,145
9828,元気寿司,2495
9829,ながの東急百貨店,203
9830,トラスコ中山,2697
9831,ヤマダ電機,595
9832,オートバックスセブン,1864
9835,ジュンテンドー,597
9836,リーバイ・ストラウスジャパン,300
9837,モリト,1010
9842,アークランドサカモト,1587
9843,ニトリホールディングス,18000
9845,パーカーコーポレーション,638
9846,天満屋ストア,1115
9849,共同紙販ホールディングス,422
9850,グルメ杵屋,1160
9852,CBグループマネジメント,742
9853,銀座ルノアール,890
9854,愛眼,264
9856,ケーユーホールディングス,937
9857,英和,874
9861,吉野家ホールディングス,1881
9867,ソレキア,3970
9869,加藤産業,3325
9872,北恵,779
9873,日本KFCホールディングス,2035
9876,コックス,260
9878,セキド,85
9880,イノテック,949
9882,イエローハット,3085
9885,シャルレ,493
9887,松屋フーズ,4310
9888,UEX,665
9889,JBCCホールディングス,1035
9890,マキヤ,673
9895,コンセック,234
9896,JKホールディングス,806
9899,ジョリーパスタ,1647
9900,サガミチェーン,1398
9902,日伝,4510
9903,カンセキ,770
9904,ベリテ,200
9906,藤井産業,1460
9908,日本電計,1624
9909,愛光電気,2930
9913,日邦産業,376
9914,植松商会,420
9919,関西スーパーマーケット,1430
9924,ドミー,491
9927,ワットマン,144
9928,ミロク情報サービス,2720
9929,平和紙業,469
9930,北沢産業,211
9932,杉本商事,1684
9934,因幡電機産業,4500
9936,王将フードサービス,4440
9941,太洋物産,951
9942,ジョイフル,1198
9943,ココスジャパン,2280
9945,プレナス,2445
9946,ミニストップ,2161
9948,アークス,2480
9950,ハチバン,3455
9955,ヨンキュウ,1420
9956,バローホールディングス,2363
9957,バイテックホールディングス,1724
9959,アシードホールディングス,704
9960,東テク,2022
9962,ミスミグループ本社,3000
9964,アイ・テック,1463
9966,藤久,1725
9967,堺商事,320
9969,ショクブン,505
9972,アルテック,228
9973,小僧寿し,84
9974,ベルク,5590
9976,セキチュー,700
9977,アオキスーパー,1306
9978,文教堂グループホールディングス,577
9979,大庄,1695
9980,マルコ,400
9982,タキヒヨー,2292
9983,ファーストリテイリング,32150
9984,ソフトバンクグループ,8587
9986,蔵王産業,1554
9987,スズケン,3965
9989,サンドラッグ,4700
9990,サックスバーホールディングス,1292
9991,ジェコス,1212
9992,理研グリーン,364
9993,ヤマザワ,1723
9994,やまや,1618
9995,ルネサスイーストン,659
9996,サトー商会,1346
9997,ベルーナ,1025